Content,Video title,Video publish time,Duration,Views,Average view duration,Stayed to watch (%),Subscribers gained,Likes,Dislikes,Comments added,Engaged views,Watch time (hours),Subscribers,Impressions,Impressions click-through rate (%),transcript,Day_publish_time,Month_publish_time,Year_publish_time
Mj9pt4580KQ,ูู ุงููุทุท ุชุฑู ููุณูุง ูุทุท ๐ฑ๐น #ุงููุทุท #ูุทุท,2024-12-01,60.0,1338299,0 days 00:00:46,76.53,5572,61314,1363,274,1328127,17217.7227,5469,1187722,6.07,ูู ุชุณุงุกูุช ูููุง ูู ุงููุทุท ุชุนุฑู ุงููุง ูุทุท ุงููุง ุงููุทุท ุชุนูุด ูู ุนุงูู ุฎุงุต ุจูุง ุฏุนูู ุงูุถุญ ูู ุดูุฆุง ุงููุทู ูุง ุชุณุชููุธ ุตุจุงุญุง ูุชููู ุงูู ูุง ูู ูู ููู ุฑุงุฆุน ูุงููู ูุทู ูุง ูู ูุง ุชููู ูุฐุง ุงูููุน ูู ุงููุนู ููููุง ุชุนุฑู ุดูุฆุง ูุงุญุฏุง ุงูุง ุงูููู ุงู ุงููููู ููุง ุซุงููุง ููู ุชุฑู ุงููุท ููุณูุง ุฑุจูุง ุชุนุชูุฏ ุงู ุงููุทุท ุชุนุฑู ุงููุง ูููุฒู ุจุทุฑููู ูุง ููุงุฐุง ูุงููุง ุชุชุตุฑู ููุงููุง ุงูุถู ูุงุฆู ุนูู ุงููููุจ ุนูุฏูุง ุชูุธุฑ ูู ุงููุฑุงู ูู ุชุนุชูุฏ ุงููุง ุชุฑู ูุทู ูุง ุจู ุชููุฑ ูู ูุฐุง ูุฎููู ูุณุฑู ููุงูู ุซุงูุซุง ูู ุงูุจุดุฑ ุฌุฒุก ูู ุนุงุฆูุชูุง ุงูุบุฑูุจ ุงู ุงููุทุท ูุฏ ูุง ุชุฑุงู ุงูุณุงูุง ุจู ุฑุจูุง ุชุนุชูุฏ ุงูู ูุทู ูุจูุฑู ุจูุง ูุฑู ููููุง ุชุชุณุงุกู ููุงุฐุง ูุง ุชุตุทุงุฏ ูุซููุง ูู ุชุชุนุงูู ูุนู ููุงูู ูุฑุฏ ูู ูุจููุชูุง ููู ูุน ูุงุฌุจุงุช ุงุถุงููู ูุซู ุชูุฏูู ุงูุทุนุงู ูุงููุณุงุฌ ุงููููู,1,12,2024
xrJdJamE6zU,ููู ุชุคุฏุจ ูุทุชู ุงูุดููุฉ ๐๐ฑ #ุงููุทุท #ูุทุท,2025-02-24,59.0,1133887,0 days 00:00:43,76.39,3173,47557,1007,284,990668,12124.8987,3117,3864089,5.45,ุงุฐุง ููุช ุชุฑูุฏ ุชุงุฏูุจ ูุทุชู ุงูุดููู ูุฌุจ ุนููู ุงูุงูุชุจุงู ููุฐู ุงูุงุดูุงุก ุงููุง ูุทุชู ูุง ุชุฑุงู ูุงูุณุงู ุจู ููุท ุถุฎู ูู ุนุงูู ุงููุทุท ุงูุช ูุณุช ุตุงุญุจุง ุงู ูุฏุฑุจุง ููุง ุชููุฑ ุจู ูุฌุฑุฏ ูุท ูุจูุฑ ูุบุฑูุจ ูุนูุด ูุนูุง ููุฐุง ุงูุณุจุจ ุนูุฏูุง ุชูุงุฏููุง ููู ูุง ุชุฑู ููู ูุงุฆุฏุง ุชุญุชุงุฌ ุงูู ุทุงุนุชู ุจู ูุฑุฏุง ูู ุงูุนุงุฆูู ุนูููุง ุงู ุชุชุนุงูู ูุนู ูููุง ูููุงููู ุงููุทุท ูุงุฐุง ููุช ุชุฑูุฏ ุงู ุชููููุง ูุชุฌุนููุง ุชุณุชูุน ูู ุนููู ุงู ุชุชุญุฏุซ ุจูุบุชูุง ุซุงููุง ูู ุนุงูู ุงููุทุท ุงูุซูู ูู ูู ุดูุก ุงุฐุง ุงุฑุงุฏุช ูุทุชู ุงู ุชุณุชูุน ุงููู ููุฐุง ููุณ ูุงูู ุงูุงููู ุงู ุงููุณูุทุฑ ููุง ูุญุฏุซ ูุน ุงูููุงุจ ุจู ูุงููุง ุชุดุนุฑ ุงู ุนูุงูุชููุง ูุชูุงุฒูู ูุงูู ุชุญุชุฑู ูุณุงุญุชูุง ุนูุฏูุง ุชุฏุนูุง ุชุงุชู ุงููู ูู ุชููุงุก ููุณูุง ุณุชุชูุงุฌุฆ ุจุงููุง ุณุชุจุฏุง ุจุงูุชุตุฑู ูุนู ููุง ูู ููุช ูุฑุฏุง ูู ูุทูุนูุง ุซุงูุซุง ูุทุชู ุชุณูุนู ุฏุงุฆูุง ููููุง ูุง ุชุฑู ุณุจุจุง ููุงุณุชุฌุงุจู ุงููุทุท ููุณุช ูุซู ุงูููุงุจ ูุง ุชุณุชุฌูุจ ููุงูุงูุฑ ููุฌุฑุฏ ุณูุงุน ุงุณููุง,24,2,2025
sBp8QBI9GD8,ูุทู ูุญุงูู ุงุฎุจุงุฑู ุจูุฐู ุงููููุงุช ูู ููุจู ๐๐ฟ #ุงููุทุท #ูุทุท,2025-01-25,60.0,1067091,0 days 00:00:44,76.76,5009,42350,1021,361,1034786,12776.4519,4939,750676,6.33,ูู ุชุนูู ุงู ูุทู ุงูุตุบูุฑ ูุฑูุฏ ุงู ูููู ูู ูุฐู ุงููููุงุช ุงููุง ุงุฌูุณ ุจุฌุงูุจู ุจุตูุช ุงุฑุงูุจู ูุงูุช ุชูุณู ุจูุงุชูู ูุณุงุนุงุช ุงู ุชุถุญู ูุน ุดุฎุต ุงุฎุฑ ูุงุดุนุฑ ุงููู ุบูุฑ ูุฑุฆู ุงูุชุฑุจ ูุงููุณู ุจูุฎูุจ ุตุบูุฑ ููุชุธุฑุง ููู ุงู ุฑุฏู ูุนู ูููู ูุง ุชูุงุญุธู ููุฐุง ุงููุฒ ุนูู ููุชุจู ุงู ุงุณูุท ุดูุฆุง ูู ุงูุทุงููู ููุท ูุงุฌุนูู ุชูุชูุช ุงูู ุซุงููุง ุนูุฏูุง ุชุนูุฏ ุงูู ุงูููุฒู ุงุฑูุถ ูุญูู ููุง ุงูุนู ุฏุงุฆูุง ููู ูุฌุงู ุงุดุชู ุฑุงุฆุญู ุบุฑูุจู ุงููุง ููุณุช ุฑุงุฆุญู ูููุณุช ุฑุงุฆุญู ููุฒููุง ุงุชููู ููุญุธู ุงุดูู ูุฑู ุงุฎุฑู ูุงุฏุฑู ุงูู ูู ุชูู ูุญุฏู ูู ููุช ูุน ูุทู ุงุฎุฑู ูู ููุณุชูุง ููุง ุชููุณูู ูู ุญููุชูุง ููุง ุชูุนู ูุนู ูุง ุงุณุชุทูุน ุงู ุงุณุงูู ููููู ุงุดุนุฑ ุงู ุดูุฆุง ุจุฏุงุฎูู ูุฏ ุงููุณุฑ ููููุง ุซุงูุซุง ุนูุฏูุง ุงุดุนุฑ ุงูู ูู ุชุนุฏ ุชูุชู ุจู ููุง ูู ูุจู ุงุจุฏุง ูู ุงูุจุญุซ ุนู ุทุฑู ุงุฎุฑู ูุฌุฐุจ ุงูุชุจุงูู ุงูู ุงูุซุฑ ูู ุงููุนุชุงุฏ ุงุฏูุน ุงูุงุดูุงุก ูุชุณูุท ุงุฑุถุง ูุงุดุนุฑ ุงููู ุฌุฒุก ููู,25,1,2025
3tdH1EnxnfQ,ุญูู ุชูุฑู ุงููุทุฉ ุฑุฃุณูุงโฆ ูุงุฐุง ุชููู ูู ุจุตูุชุ #ูุทุท #ุงููุทุท #cat,2025-06-21,48.0,587231,0 days 00:00:36,70.01,844,12782,279,52,321797,3298.2472,828,168549,7.94,ุญูู ุชูุฑู ุงููุทู ุฑุงุณูุง ุจู ููุณุช ูุฌุฑุฏ ููุณู ุนุงุจุฑู ูููุณุช ุตุฏูู ุญูู ุชูุชุฑุจ ููู ุจูุฏูุก ุชูุฑู ุฑุงุณูุง ุนูู ูุฏู ุณุงูู ุงู ุญุชู ุฎุฏู ูู ุชููุณ ุจูุบุชูุง ุงูุฎุงุตู ุงูุง ุงุซู ุจู ุงูุช ูู ุนุงููู ูู ุฑุงุณูุง ุฎูู ุงูุงุฐููู ุชุญุฏูุฏุง ุชูุฌุฏ ุบุฏุฏ ุตุบูุฑู ูุง ูุฑุงูุง ููููุง ุชูุดุฑ ุนุทุฑุง ูุฑูุฏุง ุนุทุฑุง ูุง ุชุดูู ุงูุงููู ุจู ุชุดุนุฑ ุจู ุงููููุจ ุชุชุฑูู ุนููู ูุชููู ูุฐุง ุงูุงูุณุงู ูู ุงูุง ุงูุฎุฌ ูุง ุชุบุถุจ ุงู ุฑุงูุชูุง ุชุฎุฏุด ุงุฑููุช ุงูููุถูู ูู ูุง ุชูุฏู ุจู ุชุจูู ุดุนูุฑุง ุจุงูุงูุงู ูุฎุงูุจูุง ุงุฏูุงุช ููููุง ุงูุถุง ุงููุงู ุชุฑุณู ุจูุง ุญุฏูุฏ ุนุงูููุง ูุชูุชุจ ุนูู ุงูุฌุฏุฑุงู ููุฏ ููุช ููุง ููุง ุฒูุช ูู ุชุฑูุญ ููุณูุง ุชูุฑุบ ููููุง ุชุดุญุฐ ููุชูุง ูุชุณุชุนูุฏ ุชูุงุฒููุงAh.,21,6,2025
QRj0jKU2IPI,ุนูุงูุงุช ุชุฏู ุนูู ุงู ูุทู ูุชูุงุนุจ ุจู ๐๐ฑ๐ธ #ูุทุท #ุงููุทุท,2025-02-16,60.0,535375,0 days 00:00:44,73.94,1344,25828,428,187,488787,6052.9775,1319,225812,6.47,ุซูุงุซู ุนูุงูุงุช ุชุฏู ุนูู ุงู ูุทู ูุชูุงุนุจ ุจู ุงููุง ููุงู ุงูุงูุฑ ูุง ุชูุงูุด ุงุฐุง ูุงู ูุทู ูููุก ูุชุชุฑู ูู ุดูุก ูุชูุจูู ุทูุจุงุชู ููุฑุง ููููุฆุง ูู ุงูุช ูู ุชุนุฏ ุงูุณุงูุง ุญุฑุง ุจุนุฏ ุงูุงู ูู ูุง ูููุก ูุงูู ููุชูุฏู ุงู ูุฑูุฏ ุงูุฏุฑุฏุดู ุจู ูุงูู ุงุชูู ูู ุฌุนู ุตูุชู ูุจุฏู ุญุฒููุง ุจูุง ูููู ููุฌุจุฑู ุนูู ุงูุทุงุนู ุซุงููุง ููุฒูู ูู ูุนุฏ ูููู ูู ุฏุฎูุช ุบุฑูุชู ูููุง ููุฌุฏุช ูุทู ููุฏุฏุง ุจูู ุฑุงุญู ูู ุงูุถู ูู ุนูู ุณุฑูุฑู ูุจุฏูุง ูู ุงุฒุงุญุชู ูุถูุช ุงู ุชูุงู ูู ูุถุน ุบูุฑ ูุฑูุญ ุญุณูุง ูุง ูุฌุงู ููุนูุฏู ุงูุงู ููุฏ ุงุตุจุญุช ูุฌุฑุฏ ุถูู ูู ุจูุชู ุซุงูุซุง ูุฎุฏุนู ุจูุฌูู ุงูุจุฑูุก ูุญุทู ุงูุงุดูุงุก ูุณูุท ุงูุงุบุฑุงุถ ููุงุฌู ูุฏููู ุจูุง ุณุจุจ ุซู ููุธุฑ ุงููู ุจุนูููู ุงููุงุณุนู ุงูุจุฑูุฆู ููุงูู ูููู ุงูุง ูุง ููุฑู ูุฏู ุนูุง ุชุชุญุฏุซ ุนูู ููุฌุงู ุชุฌุฏ ููุณู ุชุนุชุฐุฑ ูู ุจุฏูุง ูู ุงูุนูุณ,16,2,2025
UH4tKLDsIOI,ูุทู ูู ุงููุฏูุฑ ุงูุญูููู ูููุฒูู #ุงููุทุท #ูุทุท,2024-12-10,53.0,524940,0 days 00:00:40,76.34,1498,19927,547,61,524206,5827.1563,1473,233613,7.33,ูู ุชุนูู ุงู ูุทู ูู ูู ูุฏูุฑ ูู ุดูุก ูู ุงูููุฒู ูุงุญุฏ ุงุณุชููุธ ุงูุงู ุงูุช ุชุญุงูู ุงูููู ูุทู ูุฏูู ุฎุทู ุงุฎุฑู ุงูุณุงุนู ุงูุฎุงูุณู ุตุจุงุญุง ูุจููุณู ุฎูููู ุนูู ูุฌูู ุงู ุจููุงุกูุฉ [ููุณููู] [ููุณููู] ููุง ูู ูุงู ุงููุฑุณู ูุฏ ุชู ุชุตูููู ุฎุตูุตุง ูู ุซูุงุซู ูู ุงุณูุญ ุจุชุงุฎูุฑ ุงูุทุนุงู ุงููุทุท ูุง ุชููู ุงูุชุงุฎูุฑ ุฎุตูุตุง ุนูุฏูุง ูุชุนูู ุงูุงูุฑ ุจุงูุทุนุงู ุชุงุฎุฑุช ุญุชู ุฏูููู ุณูุจุฏุง ูุทู ูู ุนุฑุถ ุฏุฑุงูุง ุงูุทุนุงู ุจูุดุงูุฏ ููุงุก ูุชูุงุตูู ููุธุฑุงุช ูุง ุชุญุชูู ุญุชู ุชูุฏู ูู ุทุจู ุงูุทุนุงู ููุฑุง,10,12,2024
8GVnXs4Lyvg,ูุทู ูุญุงูู ุงุฎุจุงุฑู ุจูุฏู ุงูุงุดูุงุก ๐บ๐ #ุงููุทุท #ูุทุท,2025-03-17,50.0,501570,0 days 00:00:38,68.96,643,11137,205,33,327862,3558.977,616,122211,7.87,ูู ุชุนูู ุงู ูุทู ุงูุตุบูุฑ ูุญุงูู ุงุฎุจุงุฑู ุจูุฐู ุงูุงุดูุงุก ุงููุง ุนูุฏูุง ูุฌูุจ ูู ูุทู ูุฏุงูุง ูุซู ุงููุฆุฑุงู ุงูููุชู ุงู ุงูุงูุนุงุจ ููู ููุณ ูุงุณูุง ุนููู ุจู ูู ุงููุงูุน ูู ููู ุจุดุงู ูููู ุตูุงุฏุง ุณูุฆุง ูู ุงูุจุฑูู ุชููู ุงููุทุท ุงูุงู ุจุชุนููู ุตุบุงุฑูุง ุงูุตูุฏ ูู ุฎูุงู ุงุญุถุงุฑ ูุฑุงุฆุณ ูุตุงุจู ูุทู ูุนุชูุฏ ุงูู ุจุญุงุฌู ุงูู ุฏุฑูุณ ูู ุงูุจูุงุก ุซุงููุง ุชูู ุงูุฑูุดู ุงูุจุทูุฆู ููุณ ูุนุงุณุง ุจู ูู ูู ุงููุงูุน ูุจูู ุงููุทุท ูุทูู ุงูุฎุจุฑุงุก ุนูู ุฐูู ูููุถ ุงูุญุจ ููู ููุชู ุถุนููู ุชุธูุฑ ุงูุซูู ุงููุงููู ุนูุฏูุง ูุบูุฒ ู ูุทู ูู ุจุนูุฏ ููู ูุฑุณู ุฑุณุงูู ุญุจ ูุฏุฑูุณู ุซุงูุซุง ุงูุฌููู ุงููููู ููุณ ูุฌุฑุฏ ุฌููู ุนุดูุงุฆู ุงููุทุท ุชุฎุชุจุฑ ุธุงูุฑู ุชุณูู ูุชูุงุฒูู ุบุฑูุจ ุงูุดูุณ ุญูุซ ุชูุดุท ุบุฑูุฒู ุงูุตูุฏ ุงูุฎุงุตู ุจูุง ุชุญุฏูุฏุง ุนูุฏ ุงููุฌุฑ ูุงูุบุณู,17,3,2025
oeRvzZqdejM,ุนูุฏูุง ูููู ููุจ ุงูุฃู ุฃููู ูู ุงูุฃูู ๐โก๏ธโค๏ธ #ูุทุท #ุงููุทุท,2025-06-18,48.0,501240,0 days 00:00:36,75.78,829,7956,446,53,281801,2899.5908,814,27264,6.37,ุนุซุฑ ุนูู ูุฐู ุงููุทู ุงูุงู ููู ุชุญุชุถุฑ ุนูู ุทุฑูู ุณุฑูุน ูุฒุฏุญู ูุงูู ุฌุงูุจูุง ุตุบุงุฑูุง ุญุฏูุซ ุงูููุงุฏู ูุฑู ุงุญุฏ ุงููููุฐูู ุฌุณุฏูุง ุงูุถุนูู ููุฏุฏุง ุนูู ุงูุงุณููุช ุงูุฎุทุฑ ูุตุบุงุฑูุง ูุจุนุซุฑูู ูู ุญูููุง ูุงูุช ูุฑูุถู ุฌุฏุง ูุชุชุญุฑู ููููุง ูุง ุชุฒุงู ุชุญุงูู ุญูุงูุชูู ุชุซู ุจูุฐุง ุงูุบุฑูุจ ุงูุฐู ูุญูู ุงุซูู ูุง ุชููู ุซู ุชูุถุน ุจุฑูู ูุน ุตุบุงุฑูุง ูุงุฎูุฑุง ุงุตุจุญูุง ุฌููุนุง ุจุงูุงู ุจุนูุฏุง ุนู ุญุฑูู ุงููุฑูุฑ ุชุจุฏุง ุงููุนุฑูู ุงูุญููููู ุฏูุงุก ุงููุณุฌูู ุงูุนุงุด ููุจู ุงููุง ุชูุงุชู ูู ุงุฌู ุงูุจูุงุก ูููุช ุจุณุฑุนู ุงูู ุงูุนูุงุฏู ุงูุจูุทุฑูู ุงููุฒูุฏ ูู ุงูุงูุณุฌูู ุงููุฒูุฏ ูู ุงูุนูุงุฌ ูู ุซุงููู ุชูู ููู ุดุงูุฏ ูุฐู ุงููุนุฌุฒู ููุณ ุงููุทู ุงูุงู ูุชุนุงููู ุชูุงูุง ุชุณุชูุชุน ุจุงูุญูุงู ูู ููุงุฐ ุทุจูุนู ุฌูููM.,18,6,2025
EfNCkWrkh8I,3 ุญูู ุจุณูุทุฉ ูุฌุนู ูุทู ูุญุจู  ๐ฑ๐#ุงููุทุท #ูุทุท,2025-02-18,68.0,488866,0 days 00:00:47,64.13,902,19347,341,85,441577,5849.9002,876,46485,6.55,ุซูุงุซู ุญูู ุจุณูุทู ุชุฌุนู ูุทู ูุญุจู ุจุฌููู ูุงุญุฏ ุญุฏุฏ ููุงุนูุฏ ูุฌุจุงุชู ุจุฐูุงุก ุนูุฏูุง ุชุบุงุฏุฑ ุงูู ุงูุนูู ุงู ุงูุฏุฑุงุณู ูุนุชูุฏ ูุทู ุงูู ุฐุงูุจ ููุตูุฏ ูุชุนุฒูุฒ ูุฐุง ุงูุดุนูุฑ ุงุทุนูู ูุจู ูุบุงุฏุฑุชู ูุนูุฏ ุนูุฏุชู ูุน ุงูููุช ุณูุฑุจุท ู ุจุฏูุฑ ุงูุตูุงุฏ ุงูููู ุงูุฐู ูุฌูุจ ูู ุงูุทุนุงู ููููุง ููุง ูุฒูุฏ ูู ุงุนุฌุงุจู ุจู ุงุซูุงู ุงุณุชุฎุฏู ูุคุดุฑ ุงูููุฒุฑ ุจููุงุฑู ุญุฑู ุถูุก ุงูููุฒุฑ ุงูุงู ูุทู ุจุทุฑููู ุชุญูุฒ ุบุฑุงุฆุฒู ุงูุตูุงุฏ ูููู ูุง ุชุฌุนูู ููุณู ุจู ููุฑุง ุจุนุฏ ูุชุฑู ูู ุจุงููุงูู ูุฌุงู ูุงุธูุฑ ูู ุงูู ุชูููุช ูู ุงูุงูุณุงู ุจู ุจุณูููู ุงููุทุท ุชุนุฌุจ ุจุงููุงุฆูุงุช ุงูุชู ุชุธูุฑ ุจุฑุงุนู ููุฏุฑู ุนูู ุงูุชุญูู ููุฑุงู ููุฎููู ูุงูุฑ ููููุฒ ุซูุงุซู ูุงุฏู ุงุณูู ูู ุงููุญุธุงุช ุงูุณุนูุฏู ุนูุฏ ุงุทุนุงู ูุทู ุงู ุงุซูุงุก ุงููุนุจ ูุงููุญุธุงุช ุงูููุชุนู ูุงุฏู ุงุณูู ุจุฑูู ุจูุฑูุฑ ุงูููุช ุณูุฑุจุท ุงุณูู ุจุงููุดุงุนุฑ ุงูุงูุฌุงุจูู ููุง ูุณุงุนุฏ ุนูู ุชูุฏุฆุชู ูู ุงูููุงูู ุงูููููู ูู ูุฏูู ุญูู ุงุฎุฑู ุชุณุชุฎุฏููุง ููุณุจ ุงุนุฌุงุจ ูุทู ุดุงุฑููุง ุจูุง ูู ุงูุชุนูููุงุช,18,2,2025
3ziOZrV8nzM,ููู ุชูุชุฑุจ ูู ุฃู ูุท ุจุณูููุฉ ุจุงุณุชุฎุฏุงู ุฅุตุจุน ูุงุญุฏ ููุทุ #ุงููุทุท #ูุทุท #cat,2025-02-04,53.0,462976,0 days 00:00:39,68.28,589,19064,281,46,459179,5060.4292,563,244604,7.01,ูู ุชุนูู ุงู ุจุงููุงูู ูุณุฑ ุงูุญุงุฌุฒ ูุงูุชูุฑุจ ูู ุงู ูุท ุจุงุณุชุฎุฏุงู ุงุตุจุน ูุงุญุฏ ููุท ุนูุฏ ูุญุงููู ุชุญูู ูุท ุงู ููุณู ูุฏ ุชูุงุญุธ ุงูู ูุจุชุนุฏ ุนูู ุงู ุญุชู ูุญุงูู ุนุถู ููุฐุง ูุง ูุนูู ุงูู ูุง ูุญุจู ูููู ูุฑู ูู ุชุตุฑูู ุงูุฏูุงุนุง ุฒุงุฆุฏุง ูุฏ ูุฌุนูู ูุดุนุฑ ุจุนุฏู ุงูุงูุงู ุงูุทุฑููู ุงูุตุญูุญู ููุชูุฑุจ ูู ุงููุทุท ุชุนุชูุฏ ุนูู ููู ูุบุชูุง ุงูุฎุงุตู ุชูุงูุง ููุง ุชูุนู ุงููุทุท ูููุง ุจูููุง ูู ุงูุทุจูุนู ุชุชุนุฑู ุงููุทุท ุนูู ุจุนุถูุง ูู ุฎูุงู ุงุณุชูุดุงู ุงูุฑูุงุฆุญ ูุจู ุงู ุชูุงุนู ุฌุณุฏู ููููู ูุญุงูุงู ูุฐุง ุงูุณููู ุนุจุฑ ูุฏ ุงุตุจุนู ุจุจุทุก ุดุฏูุฏ ูุญู ุงููุท ุซู ุงูุชููู ุนูุฏูุง ุชูุชุฑุจ ููู ููุง ูููุญู ูุฑุตู ูุงุณุชูุดุงู ุฑุงุฆุญุชู ูุงูุชุนุฑู ุนููู ุงุฐุง ุดุนุฑ ุงููุท ุจุงูุฑุงุญู ุณููุชุฑุจ ููู ูุฑุจูุง ููุฑู ุฑุงุณู ุจุงุตุจุนู ููู ุงุดุงุฑู ูุงุถุญู ุนูู ุงูุชุฑุญูุจ ููู ุงุญุฑุณ ุนูู ุนุฏู ุฑูุน ุงุตุจุนู ูุงุนูู ุงู ุฎูุถู ูุฌุงู ููุฏ ูุฌุนูู ุฐูู ูุดุนุฑ ุจุงูุชูุชุฑ ุงู ุงูุฏูุงุนูู,4,2,2025
CAvBCDnZuE8,ููู ุชุฌุนู ูุทุชู ุญูููุฉ ููุทูุนุฉ ููุฐ ุงูุตุบุฑุ #ุงููุทุท #ูุทุท #cat,2025-06-29,48.0,432116,0 days 00:00:36,70.73,629,10632,217,26,239385,2494.5388,620,153948,7.19,ูู ุชุฑูุฏ ูุทู ุญูููู ููุทูุนูุ ุงูุณุฑ ูููู ูู ุงูู ุดูุฑูู ูู ุนูุฑูุง. ุงููุง ุนุฑููุง ุนูู ูุฎุชูู ุงูุงุตูุงุช ูุซู ูุฌูู ุงูุดุนุฑ ูุงููููุณู ุงูููุฑุจุงุฆูู. ุณูุงุน ูุฐู ุงูุงุตูุงุช ูุจูุฑุง ูุณุงุนุฏูุง ุนูู ุนุฏู ุงูุฎูู ูููุง ุนูุฏูุง ุชูุจุฑ. ุซุงููุง ุฏุฑุจูุง ุนูู ุงูููุณ ุจูุทู ูู ุฌููุน ุงูุญุงุก ุฌุณููุง ุฎุงุตู ูุฎุงูุจูุง ุนููููุง ูุงุฐูููุง. ูุฐุง ูุณูู ุนููู ูุต ุงุธุงูุฑูุง ูุชูุธูููุง ูู ุงููุณุชูุจู ุฏูู ููุงููู. ุซุงูุซุง ูุฏู ููุง ุงููุซูุฑ ูู ุงูุญุจ ูุงูุญูุงู ูุจููุง ุนุงูููุง ูุงุญูููุง ุจูุทู ุฎุตูุตุง ุงุฐุง ูุงู ุนูุฑูุง ุงูู ูู ุงุฑุจุน ุงุดูุฑ ูุฏ ุชุดุนุฑ ุจุงูุฎูู ูู ุงูุจุฏุงูู ุจุณุจุจ ุญุฌูู ููููุง ูุน ุงูููุช ุณุชุดุนุฑ ุจุงูุงูุงู ูุณุชุญุจ ูุฐุง ุงูุณูููOk.,29,6,2025
s4HHOgOVLtc,ูุทู ูุญุงูู ุงุฎุจุงุฑู ุจูุฐู ุงููููุงุช  ูู ููุจู ๐๐ฟ #ุงููุทุท #ูุทุท #ูุทุฉ,2025-02-08,37.0,353581,0 days 00:00:29,75.71,700,10662,312,54,347226,2885.4657,688,138259,5.96,ูู ุชุนูู ุงู ูุทู ุงูุตุบูุฑ ูุญุงูู ุงุฎุจุงุฑู ุจูุฐู ุงููููุงุช ูู ููุจู ุงููุง ุงุฐุง ููุช ูุณุชููุง ุจุทุจูุนุชู ูุจุฏุงุช ุงุตุจุญ ูุชุนููุง ุจู ูุงุชุจุนู ูู ูู ููุงู ูููุณ ุฐูู ุตุฏูู ุงูุง ูู ุงููุงูุน ุงุดุนุฑ ุจุงููุญุฏู ูุงุญุชุงุฌ ุงูู ูุถุงุก ููุช ุงูุซุฑ ูุนู ุซุงููุง ุงุฐุง ุจุฏุงุช ูุฌุงู ูู ุฎุฏุด ุงูุงุซุงุซ ุงู ุงูุชุนุงู ุงูููุถู ูููุณ ุฐูู ูุงููู ูุท ูุดุงุบุจ ุจู ุงุญุงูู ุฌุฐุจ ุงูุชุจุงูู ูุงู ุฑุฏ ูุนู ููู ุงูุถู ูู ุงู ูุชู ุชุฌุงููู ุซุงูุซุง ุนูุฏูุง ุงุจุฏุง ูู ุชูุธูู ููุณู ุจุดูู ููุฑุท ุงู ุงุจุฏู ูุชูุชุฑุง ููุฐุง ูุนูู ุงููู ุงุดุนุฑ ุจุงูุงููุงู ุงูุนุงุทูู,8,2,2025
AmkQUdSjjz0,ูุทุฉ ุฃู ูุทุ ุฅููู ุงููุงุฑู ูุจู ุฃู ุชุฎุชุงุฑ #ุงููุทุท #ูุทุท #cat,2025-07-04,42.0,345716,0 days 00:00:32,72.32,561,7890,174,198,188516,1742.5153,551,41989,6.51,ูู ุชุฎุชุงุฑ ูุทู ุงูุซู ุงู ูุทุง ุฐูุฑุ ุงููู ุซูุงุซู ุงุฎุชูุงูุงุช ุฑุฆูุณูู ุฎุฐูุง ูู ุงูุงุนุชุจุงุฑ. ูุงุญุฏ ุงูุฐูุฑ ุงูุซุฑ ุงุณุชููุงููู ููููู ุงูู ุงูุงุณุชูุดุงู ุฎุตูุตุง ุงุฐุง ูู ุชุชู ุฑุนุงูุชู ุทุจูุง ุจุดูู ูุงูู ููุฏ ูุบุงุฏุฑ ุงูููุฒู ููุชุฑุงุช ููุจุญุซ ุนู ููุงุทู ุฌุฏูุฏู. ุงุซูุงู ุงูุงูุซู ุบุงูุจุง ุงูุซุฑ ูุฏูุกุง ูุงุฑุชุจุงุทุง ุจุงูููุงู ุชุญุจ ุงูุงุณุชูุฑุงุฑ ูุชุดุนุฑ ุจุงูุงูุงู ูู ูุญูุท ูุงููู ููุฏ ุชุชุนูู ุจุตุงุญุจูุง ุจุณุฑุนู ุงูุจุฑ. ุซูุงุซู ุงูุฐููุฑ ูุธูุฑูู ุทุงูู ุงูุจุฑ ูู ุงููุนุจ ูุงูุญุฑูู ุจูููุง ุงูุงูุซู ุชููู ุงูู ุงูุญุฐุฑ ูุงูุนูุงูู ุจููุณูุง ุงูุซุฑ ูุชููู ุงุญูุงูุง ุงูุซุฑ ุญูุงูุง ููุฏูุกุง [ููุณููู],4,7,2025
mAFigbJ-8Zg,ููุงุฐุง ูุนุถู ูุทู ุ ๐พ๐ธ #ุงููุทุท #ูุทุท,2025-01-28,59.0,343204,0 days 00:00:43,80.37,483,14442,233,62,339908,4133.2787,473,429711,6.89,ูู ุชุณุงุกูุช ูููุง ููุงุฐุง ูุนุถู ูุทู ุฑุบู ุงูู ุชุนุงููู ุจูุทู ุงููุง ูุนุจุฑ ุนู ุญุจู ุจุทุฑููู ุบุฑูุฒูู ุนูุฏูุง ูุนุถ ุงููุท ุจูุทู ุงุซูุงุก ุงููุนุจ ูุงูู ูู ุงููุงูุน ูุนุงููู ููุง ูุงู ูุนุงูู ุงุฎูุชู ุงูุตุบุงุฑ ุนูุฏูุง ูุงููุง ููููู ูุนุง ูุฐู ุงูุนุถุงู ุงูุฎูููู ุชุนุฑู ุจุนุถุงุช ุงูุญุจ ุซุงููุง ุบุฑูุฒุชู ูุตูุงุฏ ูุง ุชุฒุงู ูููู ุนูู ุงูุฑุบู ูู ุงูู ูุนูุด ูู ุงูููุฒู ููุญุตู ุนูู ุทุนุงูู ุฏูู ุนูุงุก ุงูุง ุงู ุบุฑูุฒู ุงูุตูุฏ ูุง ุชุฒุงู ุฌุฒุกุง ุงุณุงุณูุง ูู ุทุจูุนุชู ุงููุทุท ูุจุฑูุฌู ุนูู ุงููุทุงุฑุฏู ูุงูุงููุถุงุถ ูุงุญูุงูุง ุชุฑู ูุฏ ุตุงุญุจูุง ููุฑูุณุฉ [ููุณููู] [ููุณููู],28,1,2025
dhkGs0x1UPQ,3 ุฃุดูุงุก ููุนููุง ูุทู ุณุฑุง ๐ฑ๐ #ุงููุทุท #ูุทุท,2025-01-23,44.0,341727,0 days 00:00:38,69.39,551,13423,228,41,339443,3614.3634,534,155472,7.22,ุซูุงุซู ุงุดูุงุก ููุนููุง ูุทู ุณุฑุง ูุงูุช ูุง ุชุนุฑู ุงููุง ูุฑุงูุจู ุงุซูุงุก ูููู ุชุนุชูุฏ ุงูู ูุญุฏู ูู ุงูุบุฑูู ููุฑ ูุฌุฏุฏุง ูุทู ูุฑุงูุจู ูุงูุช ูุงุฆู ูุชุงูุฏ ุงูู ุชุชููุณ ูุงุญูุงูุง ูุญุฏู ุจู ูุณุงุนุงุช ููุง ูู ูุงู ูุฎุทุท ูุดูุก ูุง ุซุงููุง ูุฎูู ุงูุนุงุจู ูุงุบุฑุงุถู ุนู ูุตุฏ ูู ุงุฎุชูู ุงูููู ุงูุฐู ููุช ุชุณุชุฎุฏูู ุงู ุชูู ุงูุฌูุงุฑุจ ุงูุชู ูุง ุชุฌุฏ ููุง ุงุซุฑุง ูุง ุชุจุญุซ ุจุนูุฏุง ูุฏู ูุฏูู ูุฎุจุง ุณุฑู ุญูุซ ูุฌูุน ูููุฒู ููุฏ ูุง ูุณูุญ ูู ุงุจุฏุง ุจูุนุฑูู ููุงูู ุซ ูููุฏ ุชุตุฑูุงุชู ูุนู ุชูุงูุง ููุง ููุนู ุงูุงุทูุงู ุงุฐุง ููุช ุชุฌูุณ ุจุทุฑููู ูุนููู ุงู ุชุชุซุงุฆุจ ูุซูุฑุง ุณุชูุงุญุธ ุงู ูุทู ุจุฏุง ุจุชูููุฏ ุงูู ููุน ูู ุงูุชุนุจูุฑ ุนู ุงูุญุจ ูุงูุงูุชูุงุก,23,1,2025
o5DjNR_8Ld8,ูู ุณูููู ุนูุฑ ูุทู ูู ูุงู ุงูุณุงู ุ ๐ฑ๐๐ฉ #cat #ูุทุท #ุงููุทุท,2025-02-01,63.0,326360,0 days 00:00:44,72.06,550,16670,310,119,325596,4014.9957,526,28063,6.1,ูู ุชุณุงุกูุช ูููุง ูู ุณูููู ุนูุฑ ูุทู ูู ูุงู ุงูุณุงูุง ูุท ูุจูุบ ูู ุงูุนูุฑ ุซูุงุซู ุงุดูุฑ ูุนุงุฏู ุทููุง ูู ุงูุฑุงุจุนู ูู ุนูุฑู ูุดุท ูุถููู ุฌุฏุง ูุดุงูุณ ุตุบูุฑ ูุทูู ูุท ุจุนูุฑ ุณูู ูุงุญุฏู ูุนุงุฏู ูุฑุงููุง ูู ุงู ุน ูุณุชูู ูุงุญูุงูุง ูุชูุฑุฏ ููู ุงูุงูุถู ุงูุชูุงุตู ูุนู ุจูุบุชู ุงูุฎุงุตู ูุท ุจุนูุฑ ุณูุชูู ูุนุงุฏู ุดุฎุตุง ุจุงูุบุง ูู ุงูุนู ูุงูุนุด ูุณุชูู ูููู ูุง ูุฒุงู ูุณุชูุชุน ุจุงูุชูุงุนู ูุนู ูู ููุช ูุงุฎุฑ ูุท ุจุนูุฑ ุฎูุณู ุณููุงุช ูุนุงุฏู ุดุฎุตุง ูู ุงู6 ูุท ูู ููุชุตู ุงูุนูุฑ ุชูู ูุฏูู ุฑูุญ ุงููุถูู ููุตุจุญ ุงูุงุณุชูุฑุงุฑ ูุงูุฑุงุญู ุงูุซุฑ ุงูููู ูุท ุจุนูุฑ ุซูุงููู ุณููุงุช ูุนุงุฏู ุดุฎุตุง ูู ุงู ูุฏ ูุจุฏุง ูู ุงูุดุนูุฑ ุจุถุนู ุฌุณุฏู ููุฏ ุชุธูุฑ ูุดููุงุช ุงูุงุณูุงู ูุท ุจุนูุฑ 18 ุณูู ูุนุงุฏู ุดุฎุตุง ูู ุงู ุซ8 ููุชุฑุจ ุชุฏุฑูุฌูุง ูู ููุงูู ุญูุงุชู ููุญุชุงุฌ ุงูู ุญุจู ูุฑุนุงูุชู ุงูุซุฑ ูู ุงู ููุช ูุถู,1,2,2025
mYyaPeTQvNY,ููุงุฐุง ูุชูุณูุญ ุงููุท ุจูุ 3 ุฃุณุจุงุจ ูุฏ ูุง ุชุนุฑููุง,2025-04-18,48.0,312962,0 days 00:00:36,72.72,479,8105,149,59,183150,1868.9816,464,660206,7.1,ููุงุฐุง ุชุชูุณุญ ุงููุทุท ุจุงูุจุดุฑุ ุงุฐุง ููุช ุชููู ูุทุง ูุบุงูุจุง ูุฑุฑุช ุจูุฐู ุงููุญุธู ุงูุบุฑูุจู ููุชุฑุจ ูุทู ููู ููุชูุณุญ ุจุณุงูู ุงู ูุฌูู ุงู ุญุชู ุจูุงุชูู ููู ูุง ูุนูู ูุฐุง ุงูุชุตุฑูุ ุงููู ุงูุงุณุจุงุจ ุงููุง ูุนุจุฑ ุนู ููุฏุชู ุงููุทุท ูุง ุชุนุงูู ูุซููุง ุจู ุชุชูุณุญ ูุนูุฏูุง ููุนู ุฐูู ููู ูููู ูู ุจูุบุชู ุงูุฎุงุตู ุงูุง ุงุญุจู ุซุงููุง ูุฌูุน ูุนูููุงุช ุนูู ุงุฐุง ูุงู ุงููุท ูุฑุงู ูุงูู ูุฑู ููู ูุชูุณุญ ุจู ููุดูู ููู ูููุณ ุญุฌูู ููุชุนุฑู ุนููู ูุงูู ููู ุฌุฏูุฏ ูุญุชุงุฌ ูุชุญูููู. ุซุงูุซุง ูุถุน ุนูุงูุชู ุนููู. ูุนู ูู ูุฑู ุงูู ุงุตุจุญุช ุฌุฒุกุง ูู ููุทูุชู ูุนูุฏูุง ูุชูุณุญ ุจู ูุชุฑู ุฑุงุฆุญุชู ุนููู ููุงูู ูููู ูุจููู ุงูุนุงูู ูุฐุง ูููู..,18,4,2025
PROa3cRPGNo,ููุงุฐุง ุชุนุดู ุงููุทุท ุงูุฌููุณ ูู ุงูุตูุงุฏููุ ุฃุณุฑุงุฑ ุณููููุง ุงูุบุฑูุฒู #ูุทุท #ุงููุทุท,2025-06-20,41.0,247832,0 days 00:00:31,79.49,203,4377,164,15,154749,1368.2624,196,20553,5.7,ูู ูุงุญุธุช ุงู ูุทุชู ูุง ุชุณุชุทูุน ููุงููู ุงู ุตูุฏููุ ุจูุฌุฑุฏ ุงู ุชุถุนู ุนูู ุงูุงุฑุถ ุชุฌุฏูุง ุฏุงุฎูู ุฎูุงู ูุญุธุงุช. ููู ููุงุฐุงุ ุจุงููุณุจู ูููุทุท ุงูุตูุฏูู ููุณ ูุฌุฑุฏ ูุทุนู ูุฑุชูู ุงูู ูุฎุจุง ุณุฑู ูููุนู ูุงุญูุงูุง ููุชุฌุน ุงุณุชุฑุฎุงุก ุงููุทุท ุชุญุจ ุงูุงูุงูู ุงูุถููู ูุงููุง ุชููุญูุง ุดุนูุฑุง ุจุงูุงูุงู ูุงูุฏูุก ูุงูุณูุทุฑู ุบุฑูุฒุชูุง ุชุฏูุนูุง ููุงุฎุชุจุงุก ูููุฑุงูุจู ูููุงููุถ ูุงููุง ูู ุงูุจุฑูู ุชูุงูุง ูููู ูู ุฐูู ุงูุตูุงุฏูู ุชุณุงุนุฏูุง ุนูู ุชูููู ุงูุชูุชุฑ ุฎุงุตู ูู ุงูุงูุงูู ุงูุฌุฏูุฏู ุงู ุงููุฒุนุฌู ูุนูู ุงู ุงูุตูุฏูู ุจุงููุณุจู ูููุทู ูู ุงูุงู ุฏูุก ูุบุงูุฑู ูุฑุงุญู ููุณูู,20,6,2025
9tSkh488Mj4,ูู ุชุนุชูุฏ ุงููุทุท ุฃููุง ุจุดุฑุ ุงูุญูููุฉ ุฃุบุฑุจ ููุง ุชุชุฎูู! #cat #ูุทุท,2025-03-16,51.0,247792,0 days 00:00:40,73.82,291,9010,149,42,212393,2368.514,283,122997,7.61,ูู ุชุณุงุกูุช ูููุง ููู ุชุฑู ุงููุทุท ููุณูุงุ ูู ุงููุงูุน ุงููุทุท ูุง ุชุฏุฑู ุงููุง ูุทุท ููู ุชุนุชูุฏ ุนูู ูุง ูุณูู ุจุงูุชุนูู ุงูููุนู ููุง ูุนูู ุงููุง ุชุดูู ูููุชูุง ุจูุงุก ุนูู ุงููุงุฆูุงุช ุงูุชู ุชุนูุด ูุนูุง ุงุฐุง ูุดุงุช ูุทู ูุน ุงูููุงุจ ููุฏ ุชุจุฏุง ูู ุชูููุฏ ุจุนุถ ุณููููุงุชูุง ูุซู ุฌูุจ ุงูุงุดูุงุก ุงู ุงูุชูุงุนู ุจุทุฑููู ูุฎุชููู ุนู ุจุงูู ุงููุทุท ุงูุง ุงุฐุง ุชุฑุจุช ูุน ุงููุฆุฑุงู ููุฏ ูุง ุชุฑุงูุง ููุฑูุณู ุจู ูุฌุฒุก ูู ุนุงุฆูุชูุง ุงููุทุท ุงูุชู ุชุนูุด ูุน ุงูุจุดุฑ ุชุนุชูุฏ ุงููุง ูุฌุฑุฏ ูุณุฎ ุถุฎูู ูููุง ููููุง ุงุบุจูุงุก ูุบูุฑ ูุงุฏุฑูู ุนูู ุงูููุงู ุจุงุจุณุท ุงูููุงู ูุซู ุงูุตูุฏ ุงู ุชูุธูู ุงููุณูุง ุจุงููุณุงู ููุฐุง ุงูุณุจุจ ูุฌุฏูุง ุงุญูุงูุง ุชุญุงูู ูุณุงุนุฏุชูุง ุจุงุญุถุงุฑ ุงููุฆุฑุงู ุงู ุงูุญุดุฑุงุช ููุฏูู ุงู ุญุชู ุชุนุฌููุง ุจูุฎุงูุจูุง ููุงููุง ุชุนุชูู ุจ,16,3,2025
xxZyEJ1guq4,ูู ุชูุณู ุงููุทุท ุฃุตุญุงุจูุง ุ #ุงููุทุท #ูุทุท #ุงูุนูู #cat,2025-04-11,42.0,237868,0 days 00:00:34,67.69,378,7339,126,87,139819,1352.3114,365,440227,6.96,ูู ุชูุณู ุงููุทุท ุงุตุญุงุจูุงุ ุงููู ุงูุญูููู ุงููุฏูุดู ูุนุชูุฏ ุงููุซูุฑ ูู ุงููุงุณ ุงู ุงููุทุท ูุงุฆูุงุช ุบูุฑ ูููู ูุงููุง ุชูุณู ุงุตุญุงุจูุง ุจุณุฑุนูุ ููู ุงูุนูู ูููู ุดูุฆุง ูุฎุชููุง ุชูุงูุง. ุชุดูุฑ ุงูุฏุฑุงุณุงุช ุงูุญุฏูุซู ุงูู ุงู ูููุทุท ุฐุงูุฑู ูููู ุฌุฏุง ุฎุตูุตุง ูููุง ูุชุนูู ุจุงูุงุดุฎุงุต ุงูุฐูู ูุถุช ูุนูู ููุชุง ุทูููุง ุจู ุงู ุจุนุถ ุงูุนููุงุก ูุคูุฏูู ุงู ุฐุงูุฑู ุงููุทุท ูุฏ ุชููู ููุงุซูู ูุฐุงูุฑู ุงูููุงุจ ุจู ูุชุชููู ุนูููุง ุงุญูุงูุง ุจูุง ูุตู ุงูู 200 ูุฑู ูู ุจุนุถ ุงูุญุงูุงุช ููุฏ ุชุนุจุฑ ุงููุทุท ุนู ุงุดุชูุงููุง ูุงุตุญุงุจูุง ูู ุฎูุงู ุงูุจูุงุก ูุงูููุงุก ูู ูุงุญุธุช ุงู ูู ูุฐู ุงูุนูุงูุงุช ุนูู ูุทุชู ูู ูุจู,11,4,2025
VeOHrGx63ik,ููุงุฐุง ููุฑุจ ูุทู ูู ุงูููุฒูุ 3 ุฃุณุจุงุจ ุบูุฑ ูุชููุนุฉ! #ูุทุท,2025-01-14,55.0,235292,0 days 00:00:39,75.41,351,10791,200,44,234699,2594.682,342,213265,7.38,ูู ุชุณุงุกูุช ูููุง ููุงุฐุง ููุฑุจ ูุทู ูู ุงูููุฒู ุฑุบู ุงูู ุชููุฑ ูู ูู ูุง ูุญุชุงุฌู ุงููู ุซูุงุซู ุงุณุจุงุจ ุบูุฑ ูุชููุนู ูุฏ ุชููู ูุฑุงุก ูุฑูุจู ูุงุญุฏ ุงููุถูู ุงูุฐู ูุง ุญุฏูุฏ ูู ูุทู ูุฎููู ูุถููู ููุบุงูู ูุงุฐุง ูุงุญุธ ุงู ุญุฑูู ุฎุงุฑุฌ ุงูููุฒู ูุซู ุทุงุฆุฑ ูุทูุฑ ุงู ุตูุช ุณูุงุฑู ูุฏ ุชุฏูุนู ุฑุบุจุชู ูู ุงูุงุณุชูุดุงู ุงูู ุงูุงูุทูุงู ูุฑุงุก ุงููุฌููู ุจุงููุณุจู ูู ุงูุนุงูู ุงูุฎุงุฑุฌู ูุบุงูุฑู ุดููู ุชุณุชุญู ุงูุชุฌุฑุจู ุงุซูุงู ุงูุจุญุซ ุนู ุงูุญุจ ุงู ุดุฑูู ุงูุญูุงู ุงุฐุง ูุงู ูุทู ุบูุฑ ูุฎุตุต ููุฏ ูููู ุงููุฑูุจ ูุชูุฌู ุบุฑุงุฆุฒ ุทุจูุนูู ููุจุญุซ ุนู ุดุฑูู ุฎูุงู ููุณู ุงูุชุฒุงูุฌ ุฑุงุฆุญู ุงููุทุท ุงูุงุฎุฑู ูุฏ ุชุฌุฐุจู ุจุดุฏู ูุชุฏูุนู ููุบุงุฏุฑู ุงูููุฒู ุจุงู ูุณููู ุซูุงุซู ุงูุชูุชุฑ ุงู ุงูุงุฒุนุงุฌ ูุทู ูุฏ ููุฑุจ ุงุฐุง ุดุนุฑ ุจุงูุงุฒุนุงุฌ ุฏุงุฎู ุงูููุฒู ุณูุงุก ูุงู ุฐูู ุจุณุจุจ ุชุบููุฑ ููุงุฌุฆ ูู ุงูุจูุฆู ูุซู ูุฏูู ุถูู ุฌุฏูุฏ ุงู ุชุบููุฑ ููุงู ุงุซุงุซู,14,1,2025
0if42TtWqGg,ูุงุฐุง ูููุฑ ููู ูุทู ุนูุฏูุง ุชูุถู ุตูุฏูู ูุถูุงุชูุ #ุงูุนูู #ุงููุทุท #cat #ุงููุธุงูู,2025-04-09,42.0,234500,0 days 00:00:34,67.1,165,3813,96,27,133113,1286.3868,160,46073,6.9,ูู ุชุณุงุกุช ูููุง ุนูุง ูููุฑ ููู ูุทู ุนูุฏูุง ุชูุธู ุตูุฏูู ูุถูุงุชูุ ูุง ูุฏ ูุง ุชุนุฑูู ูู ุงู ูุทู ูุฑุงู ููุท ุนููุงู ููุชุญู ูุณุงุญุชู ุงูุฎุงุตู ูู ูู ูุฑู ุชูุธูู ูุดุนุฑ ููุงูู ุชุณุฑู ุฑุงุฆุญุชู ูุชูุชุฒุน ุฌุฒุกุง ูู ูููุชู ูุนูุฏูุง ูุญุงูู ุชุบุทูู ูุถูุงุชู ูููุณ ูุงูู ูุญุจ ุงููุธุงูู ููุท ุจู ูุงูู ูุญุงูู ุงุฎูุงุก ุงุซุงุฑู ูุญูุงูุชู ูู ุงูููุชุฑุณูู ุงูู ูุบุทู ูุฌูุฏู ููุณููู ููุจูุงุก ุงููุง ููุฏ ูุง ูุดุนุฑ ุจุงูุฑุงุญู ูุน ุงูุฑุงุฆุญู ุงูุฌุฏูุฏู ุงูุชู ุชุชุฑููุง ุจุนุฏ ุงูุชูุธูู ูุงูุฑุงุฆุญู ุจุงููุณุจู ูู ุฌุฒุก ูู ููููุชู ูุนูุฏูุง ุชุบูุฑูุง ูุฏ ูุดุนุฑ ููุงูู ุชุฒุนุฒุน ุงุณุชูุฑุงุฑู ุฑุญ,9,4,2025
kdAuB9Z5eXE,ููุงุฐุง ููุงู ูุทู ุจุฌุงูุจูุ ุฅููู ุงูุณุฑ! #ุงููุทุท #cat,2025-06-27,49.0,230433,0 days 00:00:36,66.51,398,6190,96,29,125370,1290.8925,387,68909,7.09,ูู ุชุณุงุกูุช ูููุง ููุงุฐุง ููุงู ูุทู ุจุฌุงูุจูุ ุงููู ุฎูุณู ุงุณุจุงุจ ูุฏ ุชูุงุฌุฆู. ุงููุง ุณุฑูุฑู ุฌุฒุก ูู ููุชููุงุชู. ุงููุทุท ุชุนุชุจุฑ ุงูุงูุงูู ุงูุชู ุชุดุนุฑ ูููุง ุจุงูุฑุงุญู ุฌุฒุกุง ูู ุงุฑุงุถููุง. ูุงุฐุง ุณูุญ ูู ูุทู ุจุงูููู ุจุฌุงูุจู ููู ูุฑุงู ุฌุฏูุฑุง ุจูุดุงุฑูู ููุงูู. ุซุงููุง ุฌุณูู ูุตุฏุฑ ููุฏูุก. ุงููุทุท ุชุจุญุซ ุฏุงุฆูุง ุนู ุงูุฏู ุงุซูุงุก ุงูููู ูุญุฑุงุฑู ุฌุณุฏู ุชููุฑ ููุง ุจูุฆู ูุซุงููู ููุงุณุชุฑุฎุงุก ูุงูุฑุงุญู. ุซุงูุซุง ุงูุฑุงุญู ุงููุทููู ุงูุณุฑูุฑ ุจุงููุณุจู ููุทู ุงุดุจู ุจููุฏู ูุงุฎุฑ ูุงุนู ูุงุฏุฆ ูุงูู ูููุฐุง ูุฎุชุงุฑู ููุงูุง ููููู ุงูุนููู ุฑุงุจุนุง ุดุนูุฑ ุจุงูุงูุงู ูุฑุจู ููู ุงุซูุงุก ุงูููู ูููุญู ุงุญุณุงุณุง ุจุงูุญูุงูู ููุงูู ุงูุญุงุฑุณ ุงูุฐู ูุณูุฑ ุนููู ูู ุงู ุฎุทุฑ ูุญุชูู ุงู,27,6,2025
d9I0t7LMxPU,4 ุฅุดุงุฑุงุช ุชุซุจุช ุฃู ูุทู ููููุณ ุจู ุจุฌููู! ๐ป #ูุทุท #cat #ุงููุทุท,2025-02-20,47.0,210921,0 days 00:00:38,67.73,291,8445,133,36,184633,1956.5942,283,213651,7.66,ูู ุชุนูู ุงู ูุทู ูุฏ ูููู ููููุณุง ุจู ุงูุซุฑ ููุง ุชุชุฎูู ุงุฐุง ูุงู ุจูุฐู ุงูุชุตุฑูุงุช ููู ูุญุจู ุจุฌููู ุงููุง ุงูุชุญุฏูู ูู ุนูููู ุงุฐุง ูุธุฑ ุงููู ูุงุบูู ุนูููู ุจุจุทุก ููู ูุฑุณู ูู ูุจูู ุงููุทุท ูุฐุง ุฏููู ุนูู ุงูุญุจ ูุงูุฑุงุญู ุจุฌุงูุจู ุซุงููุง ุงุญุถุงุฑ ุงููุฏุงูุง ุงูุบุฑูุจู ูู ูุฌุฏุช ูุงุฑุง ุงู ูุนุจู ุงู ุญุชู ุญุดุฑู ููุชู ุงูุงู ุจุงุจู ูุฏ ูููู ุงูุงูุฑ ููุฒุฒุง ูู ูููู ุจุงููุณุจู ููุทู ูู ุงุซูู ูุฏูู ูุนุจุฑ ุจูุง ุนู ุญุจู ูู ุซุงูุซุง ุงูููู ุจุฌูุงุฑู ุงู ูููู ูุทุท ูุง ุชูุงู ุงูุง ูู ุงูุงูุงูู ุงูุชู ุชุดุนุฑ ูููุง ุจุงูุงูุงู ูุงุฐุง ุงุฎุชุงุฑู ููุณุงู ููุฐุง ูุนูู ุงูู ุงูุดุฎุต ุงูููุถู ูุฏูู ุฑุงุจุนุง ุงูุนุถ ุงููุทูู ุงุฐุง ูุงู ูุทู ุจุนุถู ุจุฎูู ุงุซูุงุก ุงููุนุจ ููู ูุง ูุญุงูู ุงูุฐุงุกู ุจู ูุนุจุฑ ุนู ูุดุงุนุฑู ุจุทุฑููู ูุฑุญู,20,2,2025
uuuywJgr_K8,ูุทูู ูููุงูุจ ุงูููุฒู: ูู ูุดุนุฑ ุจุงูุฐูุจ ุญููุงุ ๐ฑ๐ค,2025-03-22,65.0,202201,0 days 00:00:45,76.32,350,8241,114,67,164061,2062.3664,329,194266,7.92,ูู ุณุจู ูู ุงู ุฏุฎูุช ุงูู ุงูุบุฑูู ููุฌุฏุช ุงูุงุฑููู ูุฎุฏูุดู ุงู ููุจุง ููุณูุฑุงุ ุชูุธุฑ ุงูู ูุทู ูุชุฌุฏู ุฌุงูุณุง ููุงู ูุชุฌูุจ ุนูููู ููุงูู ูููู ุงูุง ูู ุงูุนู ุดูุฆุง ููู ูู ุงููุทุท ุชุดุนุฑ ุจุงูุฐูุจ ุญูุง ุงู ุงู ููุงู ุชูุณูุฑุง ุงุฎุฑ ููุฐุง ุงูุณูููุ ุงููุง ุชุฌูุจ ุงููุธุฑ ุงููู ุงุฐุง ูุงุญุธุช ุงู ูุทู ูุชุฌูุจ ุงููุธุฑ ุงููู ุจุนุฏ ุงุฑุชูุงุจ ุฎุทุง ููุฏ ุชุนุชูุฏ ุงูู ูุดุนุฑ ุจุงูุฐูุจ ููู ุงูุญูููู ุงููุทุท ูุง ุชููู ุงูุฐูุจ ูุซู ุงูุจุดุฑ ูู ููุท ููุฑุง ุชุนุงุจูุฑ ูุฌูู ููุจุฑู ุตูุชู ูุนูุฏูุง ูุดุนุฑ ุงูู ุบุงุถุจ ูุญุงูู ุชูุฏุฆู ุงููุถุน ุจุชุฌูุจู ุซุงููุง ุงูุงุฎุชุจุงุก ุงู ุงููุฑูุจ ุงุฐุง ุฑุงูุช ูุทู ููุฑุจ ูุฌุงู ุงู ูุฎุชุจุฆ ุจุนุฏ ูุนู ุดูุก ุฎุงุทุฆ ููุฐุง ูุง ูุนูู ุงูู ูุดุนุฑ ุจุงูุฐูุจ ุจู ูุงูู ูุนูู ุงูู ูุฏ ุชููู ุบุงุถุจุง ูููุถู ุชุฌูุจ ุงูููุงุฌูู ุซุงูุซุง ุชุตุฑูุงุช ุบุฑูุจู ูููุฏุฆู ุงููุทุท ุชุณุชุฎุฏู ุณููููุงุช ูุซู ูุนู ุงููุฑู ุงู ุงูุชุซุงุคุจ ูุชุฎููู ุงูุชูุชุฑ ูุฐูู ุนูุฏูุง ูุดุนุฑ ูุทู ุจุงูุชูุชุฑ ุจุนุฏ ูุนู ุดูุก ุฎุงุทุฆ ููุฏ ูุฏ ูุจุฏุง ุจูุฐู ุงูุญุฑูุงุช ูุชูุฏุฆู ููุณู ูููุณ ูุงูู ูุดุนุฑ ุจุงูุฐูุจ [ููุณููู],22,3,2025
cE_7Oap86DU,ุซูุงุซุฉ ุฃุฎุทุงุก ูุฌุจ ุชุฌูุจูุง ุนูุฏ ุงูุชุนุงูู ูุน ูุทุชู  โ #ูุทุท #ุงููุทุท,2025-03-08,42.0,196697,0 days 00:00:35,69.12,239,7049,105,31,173430,1720.9191,225,258298,7.37,ุซูุงุซู ุงุฎุทุงุก ูุฌุจ ุชุฌูุจูุง ุนูุฏ ุงูุชุนุงูู ูุน ูุทุชู ุงููุง ุญูููุง ุจุทุฑููู ุบูุฑ ุตุญูุญู ุงุญุฑุต ุนูู ุฏุนู ุตุฏุฑูุง ุนูุฏ ุฑูุนูุง ูุญูููุง ูู ุชุญุช ุงูุงุจุทูู ุงู ูู ูุคุฎุฑู ุงูุนูู ุฎุงุตู ุงุฐุง ูุงูุช ุจุงูุบู ูุฏ ูููู ูุคููุง ููุฎููุง ููุง ุซุงููุง ุงููุจุงูุบู ูู ุงููุฏุงุนุจู ุชูุถู ุงููุทุท ุงููุฏุงุนุจู ุจุงุนุชุฏุงู ูุจุนุถ ุงูููุงุทู ูุซู ุงูุจุทู ูุงุนุฏู ุงูุฐูู ูุงููููู ุญุณุงุณู ููุบุงูู ุงูุชุจู ูุงุดุงุฑุงุช ูุซู ุงูุชุฒุงุฒ ุงูุฐูู ุชุณุทุญ ุงูุงุฐููู ุงู ุงุฑุชุนุงุด ุงูุฌูุฏ ุซุงูุซุง ุงููุงู ููุช ุงููุนุจ ุงููุทุท ุชุญุชุงุฌ ุงูู ุชุญููุฒ ุฐููู ูุฌุณุฏู ููุชุธู ูุงูุง ููุฏ ุชุดุนุฑ ุจุงูููู ููุง ูุคุฏู ุงูู ุณููููุงุช ูุฏูุฑู ููุดุงูู ุตุญูู,8,3,2025
ek3KracnW0M,ุงุฐุง ููุช ุชุญุจ ูุทู ูุนููู ุชุฌูุจ ูุฐู ุงูุงุฎุทุงุก ๐๐ฑ #ุงููุทุท #ูุทุท,2025-02-11,54.0,192929,0 days 00:00:42,72.94,270,8590,136,34,179342,2094.7122,258,379694,6.78,ูู ุชุญุจ ูุทู ุงูุตุบูุฑ ุงุฐุง ุงูุชุจู ููุงู ุซูุงุซู ุงุฎุทุงุก ุดุงุฆุนู ููุน ูููุง ุงูุนุฏูุฏ ูู ุงุตุญุงุจ ุงููุทุท ุฏูู ูุตุฏ ุงููุง ุชููู ุนู ูุฑุถ ุงูุงูุชูุงู ุนูู ูุทู ุนูุฏูุง ูุง ูููู ูู ุงููุฒุงุฌ ุงูููุงุณุจ ูุนุชูุฏ ุงูุนุฏูุฏ ูู ุงููุงูููู ุงูู ูู ุงููุทูู ุญูู ุงููุท ุงู ูุนุงููุชู ูู ุงู ููุช ููู ูุฐุง ูู ุงููุงูุน ูุฏูุฑ ุซูู ุงููุท ุจู ุซุงููุง ูู ูุถูู ูุง ุชุนุงูุจ ูุทู ุงุฐุง ูุงู ุจุฎุฏุด ุงูุงุซุงุซ ุงู ุงูููุฒ ุนูู ุงูุงุณุทุญ ูุฐู ุณููููุงุช ุทุจูุนูู ููู ูุชุตุฑู ุจุณูุก ุจู ูุชุจุน ุบุฑุงุฆุฒู ุซุงูุซุง ูุฑุชูุจ ุงูุนุฏูุฏ ูู ุงููุงูููู ุฎุทุง ุงูุงุนุชูุงุฏ ุจุงู ุตูุฏูู ุฑูู ูุงุญุฏ ูููู ููู ุงููุงุนุฏู ุงูุฐูุจูู ูู ุตูุฏูู ููู ูุท ุจุงูุงุถุงูู ุงูู ูุงุญุฏ ุงุถุงูู ููู ูุถูู ูุง ุชุถุนูู ุฌููุนุง ูู ููุณ ุงูููุงู ุงููุทุท ุชุดุนุฑ ุจุงูุถุนู ุนูุฏ ุงุณุชุฎุฏุงู ุงูุญูุงู ูุชุญุชุงุฌ ุงูู ุฎูุงุฑุงุช ูุชุนุฏุฏู,11,2,2025
VoFPlhMA3gU,5 ุฃุดูุงุก ููุนููุง ูุทู ูู ุฃุฌูู ุฏูู ุฃู ุชุฏุฑู #ุงููุทุท #ูุทุท #cat,2025-07-08,49.0,179028,0 days 00:00:36,63.98,327,5221,94,29,94505,979.8223,319,75355,7.95,ูู ุชุนูู ุงู ูุทู ููุนู ุงุดูุงุก ูุซูุฑู ูู ุงุฌูู ุฏูู ุงู ุชูุงุญุธูุงุ ูุฐู ุงูุชุตุฑูุงุช ุงูุตุบูุฑู ุชุญูู ูุนุงูู ูุจูุฑู ุชุธูุฑ ูุฏู ุญุจู ูุงูุชูุงูู ุจู. ุงููุง ููุงู ูุฑุจู ููููุญู ุดุนูุฑุง ุจุงูุงูุงู. ุงููุท ูุง ููุงู ูุฑุจ ุงู ุงุญุฏ ูููู ูุฎุชุงุฑู ูุงูู ูุตุฏุฑ ุฑุงุญุชู ูููู ูุดุนุฑ ุงูู ุงูุถุง ูุณุช ูุญุฏู. ุซุงููุง ูุฑุงูุจู ุจุตูุช ุญูู ุชุฌุฏู ูุญุฏู ุจู ูู ุจุนูุฏ ูุง ุชููู. ูู ููุท ูุชุงูุฏ ุงูู ุจุฎูุฑ ูุงู ูู ุดูุก ุนูู ูุง ูุฑุงู. ุซุงูุซุง ูุงุชูู ุญูู ูุดุนุฑ ุจุชููุจ ูุฒุงุฌู ุงููุทุท ุชูุชูุท ุงูุชุบููุฑุงุช ูู ุทุงูุชู ููุฏ ุชูุชุฑุจ ููู ูุฌุงู ููุท ูุงููุง ุดุนุฑุช ุจุงูู ุชุญุชุงุฌ ุงูู ูุฌูุฏูุง ุฑุงุจุนุง ูุฌูุจ ูู ูุฏุงูุง ุณูุงุก ูุงูุช ูุนุจู ุงู ุญุชู ุดูุก ุบุฑูุจ ูุฌุฏู ููู ุทุฑููุชู ููููู ูู ุงูุชู ุจู ูุงุฑูุฏ ุงู ุงุดุงุฑูู ุนุงููู,8,7,2025
DxPkNeDSmEQ,ูุงุฐุง ูููุฑ ูุทู ุญููุง ุฃุซูุงุก ุชูุธูู ุตูุฏูู ุงููุถูุงุชุ #ุงููุทุท #ูุทุท #cat,2025-07-06,46.0,168632,0 days 00:00:34,69.1,128,3656,93,17,95264,920.6037,126,100384,8.81,ูุง ุงูุฐู ูุฏูุฑ ูู ุฑุงุณ ูุทู ุนูุฏูุง ุชูุธู ุตูุฏูู ูุถูุงุชูุ ุนูุฏูุง ูุชุงุฎุฑ ุงูุชูุธูู ูุดุนุฑ ุงููุท ุงู ููุงู ุฎููุง ูู ุงููุธุงู. ูู ุนุงููู ุงููุธุงูู ุงูุฏูููู ูู ุญู ุงุณุงุณู ูุงู ุชุงุฎูุฑ ูุฏ ููุณุฑ ูููุน ูู ุงูุงููุงู. ุงุฒุงูู ุงููุถูุงุช ููุณุช ูุฌุฑุฏ ุชูุธูู ุจู ุฏุฎู ูุจุงุดุฑ ูู ููุทูุชู ุงูุฎุงุตู. ุชูู ุงูุฑุงุฆุญู ุงูุชู ุงุฒููุช ูุงูุช ุจุตูุชู ุนูุงูุชู ูุงุนูุงู ูุฌูุฏู. ุงูุงู ููุฏ ุฒุงูุช ูุดุนุฑ ููุงู ุฌุฒุกุง ููู ุงุฎุชูู ูุฎูุงู ูู ูุฐุง ูุง ุชุธู ุงูู ูุงุญุธ ูุง ูุญุฏุซ ุงููุท ูุฑุงูุจ ูู ุจุนูุฏ ุจุนููู ูุงุถ ุตุงูุช ูููู ุงูุงุฏุงุก ูุฌูุฏู ุงูุชูููุฐ ูุงู ุตูุฏููู ุจุจุณุงุทู ููุณ ูุฌุฑุฏ ููุงู ููููุงูุงุช ุจู ูุณุงุญู ุชุญูู ุงููุซูุฑ ูู ุงูุฑูุฒูู.,6,7,2025
o7WbFC4gYdE,ูู ุชุนุชุฐุฑ ุงููุทุท  #ูุทุท #ุงููุทุท,2025-03-29,41.0,162718,0 days 00:00:33,65.74,230,5206,76,53,95055,901.2691,223,79712,6.81,ูู ูุนุชุฐุฑ ูุทู ุจุนุฏ ุงุฑุชูุงุจ ุฎุทุงุ ูุนู ููู ุจุทุฑู ุบุฑูุจู ูู ุชุชููุนูุง ุงููุง ุนูุฏูุง ูุชุซุงุจ ูุทู ุงุซูุงุก ุชูุจูุฎู ููู ูุง ูุชุฌุงูู ูุดุงุนุฑู ุจู ูุฑุณู ุตุฑุฎู ุตุงูุชู ูู ููุจู ุงูุตุบูุฑ ุงููุถุทุฑุจ ุชุฎูู ุทููุง ูุฐูุจุง ูุญุงูู ุญุจุณ ุฏููุนู ูููุงูุญ ูุงุณุชุนุงุฏู ูุฏูุกู ุซุงููุง ุนูุฏูุง ูุญุถุฑ ูู ูุทู ูุนุจุชู ุงูููุถูู ุจุนุฏ ุงุฑุชูุงุจ ุฎุทุง ููู ููุฏู ูู ุงุบูู ูุง ูููู ูุทุนู ูู ุฑูุญู ูุฏูู ูู ููุจู ุงูุตุบูุฑ ูุงูู ูููุณ ุงูุง ูุง ุงููู ุณูู ูุฐุง ูุงุนุจุฑ ุนู ูุฏู ุงุณูู. ุซุงูุซุง ุฌููุณู ุงููุงุฏุฆ ุจุงููุฑุจ ููู ุจุนุฏ ุงูููุถู ูู ุงูุชุธุงุฑู ุงููุคูู ููุบูุฑุงู. ุชุฑู ูู ุนูููู ุชุณุงุคูุง ุตุงูุชุง ูู ูุง ุฒูุช ุชุญุจูู ุฑุบู ูู ุดูุกุ,29,3,2025
Vd0s6QHf_4s,ุฃุดูุฑ 3 ุฎุฑุงูุงุช ุญูู ุงููุทุท ูุง ุชุตุฏููุง ๐ซ๐ #ุงููุทุท #ูุทุท,2025-01-19,59.0,156150,0 days 00:00:44,71.24,231,8404,121,64,154658,1896.5689,223,206819,8.37,ูู ุณูุนุช ูููุง ุจุนุถ ุงูุฎุฑุงูุงุช ุงูุบุฑูุจู ุนู ุงููุทุท ูุชุณุงุกูุช ุงู ูุงูุช ุญููููู ุงููุทุท ูุฎูููุงุช ุบุงูุถู ูุฌูููู ููู ููุงุณู ููุงู ุงููุซูุฑ ูู ุงูุงุณุงุทูุฑ ุงูุชู ุชุญูุท ุจูุง ูุงุญุฏ ุงููุทุท ุชูุชูู ุชุณุน ุงุฑูุงุญ ูุฐู ูุงุญุฏู ูู ุงุดูุฑ ุงูุฎุฑุงูุงุช ุงูุญูููู ุงู ุงููุทุท ุชูุชูู ูุฏุฑู ูุฐููู ุนูู ุงููุฌุงู ูู ุงูููุงูู ุงูุตุนุจู ุจูุถู ุฑุดุงูุชูุง ููุฑููุชูุง ููููุง ุจุงูุชุงููุฏ ููุณุช ุฎุงุฑูู ููุทุจูุนู ุซุงููุง ุงููุทุท ุงูุณูุฏุงุก ุชุฌูุจ ุงูุญุธ ุงูุณูุก ูู ุงููุงูุน ูู ุจุนุถ ูุงูุงุช ุงููุทุท ุงูุณูุฏุงุก ุชุนุชุจุฑ ุฑูุฒุง ููุญุธ ุงูุณุนูุฏ ูุง ูุฌูุจ ุงูุญุธ ุงูุณูุก ูู ุงูุชูููุฒ ุถุฏูุง ูุนุฏู ููู ุฌูุงููุง ุงููุฑูุฏ ุซูุงุซู ุงููุทุท ูุง ุชุญุจ ุงุตุญุงุจูุง ููุท ุชูุชู ุจุงูุทุนุงู ุบูุฑ ุตุญูุญ ุงููุทุท ุชุธูุฑ ุงูุญุจ ุจุทุฑููุง ุงูุฎุงุตู ูุซู ุงูููุงุก ูู ููุณ ุฑุงุณูุง ุนููู ุงู ุญุชู ุงูููู ุจุฌุงูุจู ูู ูุฎูููุงุช ูุณุชููู ููููุง ุชูุฏุฑ ุงูุนูุงูู ุงูุชู ุชุฑุจุทูุง ุจุตุงุญุจูุง [ููุณููู],19,1,2025
6QvBCYABsg0,ููุงุฐุง ูุชูุฏุฏ ูุทู ุนูุฏูุง ูุฑุงูุ ๐ค ูุบุฉ ุญุจ ุจุฏูู ููุงู! #ุงููุทุท #ูุทุท #cat,2025-07-01,31.0,145129,0 days 00:00:25,70.34,128,3436,64,10,80356,571.9367,126,51092,7.65,ูู ุชุณุงุกูุช ูููุง ููุงุฐุง ูุชูุฏุฏ ูุทู ููุฑ ุฑุคูุชูุ ุงููุง ุฑุณุงูู ุญุจ ูุซูู ุชูุฏุฏู ูุนูู ุงูุง ูุฑุชุงุญ ูุนู ููู ุงูุงู ุงููุทุท ูุง ุชุณุชุฑุฎู ุงูุง ุจุฌุงูุจ ูู ุชุญุจ ูุชุซู ุจูู ุซุงููุง ุชุญูู ูุงุนูู ุจูุง ูููุงุช ูุง ูููุญ ุจูุฏู ููุง ูุจุชุณู ููู ุชูุฏุฏู ูู ุทุฑููุชู ููููู ุณุนูุฏ ุจูุฌูุฏู ุซุงูุซุง ุงุณุชุนุฑุงุถ ุตุญู ูุฑุดุงูู ุงูุชูุฏุฏ ูุนูู ุงูุง ููู ูุฑุดูู ูู ุญุฑูู ูููุฆู ุจุงูุซูู ูุง ููุนููุง ุงูุง ููู ูู ุตุญู ููุชุงุฒู,1,7,2025
7HxtV8Vmb0w,ููู ูุฑุงู ูุทู  #ูุทุท #ุงููุทุท,2025-06-17,55.0,138035,0 days 00:00:38,70.27,300,4686,99,40,80223,863.9145,295,102843,8.1,ูู ุชุณุงุกูุช ูููุง ููู ูุฑุงู ูุทู ุญูุงุ ุงูุญูููู ูุฏ ุชูุงุฌุฆู ุงููุง ุงูุช ุฎุงุฏูู ุงููุทูุน ุงูุช ูุณุช ูุงููู ุจู ุฎุงุฏูู ุงููุฎูุต ููุฏ ุฏุฑู ุนูู ุงู ุชุณุชุฌูุจ ููู ููุงุฆ ูุตุฏุฑู ูุจูู ุตุฑุงุญู ุงูุช ุชุคุฏู ุงููููู ุจุจุฑุงุนู ุซุงููุง ุงูุช ูุงุจู ููุชุฏุฑูุจ ุจุดูู ูุฏูุด ูู ููุฏูุด ูู ูุฏู ุณูููู ุชุฏุฑูุจู ููุงุก ูุงุญุฏ ููุทุนุงู ูุงู ูููุฏุงุนุจู ุซูุงุซู ููุชุญ ุงูุจุงุจ ููุฏ ุงุตุจุญุช ูุณุงุนุฏู ุงูุดุฎุตู ุฏูู ุงู ุชุฏุฑู ุซุงูุซุง ุงูุช ุงุฏูู ููู ุจูุซูุฑ ูุฑุงู ูุฎูููุง ุถุนููุง ูุง ููุชูู ููุงุฑุงุช ุงูุจูุงุก ููู ุชุนูุด ุฏูู ุณุจุน ุงุฑูุงุญ ูู ููู ุญูุง ุนูู ูุฏุฑุชู ุงููุญุฏูุฏู ุนูู ุงููุฌุงู ุฑุงุจุนุง ุงูุช ุญุงุฑุณ ุงูุงูู ุงูุฎุงุต ุจู ููุฏ ุนููู ูุณุคููุง ุนู ุญูุงูุชู ุณูุนุช ุตูุชุง ุบุฑูุจุง ูู ุงูุซุงูุซู ุตุจุงุญุง ูุฐุง ูู ุงุฎุชุตุงุตู ุจูููุง ูู ูุฑุงูุจ ุงููููู ูู ููุงู ุงูู ููุงูู ุงููุงุฆุฏ ุงูุงุนููAh.,17,6,2025
k-y0ucsCatU,ููุงุฐุง ุชุญุถุฑ ุงููุทุฉ ุตุบุงุฑูุง ุฅูููุ #ูุทุท #ุงููุทุท #cat,2025-07-18,52.0,125234,0 days 00:00:37,75.68,261,3985,74,26,75261,784.8549,257,66925,8.37,ูู ุชุณุงุกูุช ูููุง ููุงุฐุง ุชุญุถุฑ ุงููุทู ุตุบุงุฑูุง ุงูููุ ูุฏ ูุจุฏู ุงูุงูุฑ ุบุฑูุจุง ูููู ูุญูู ุฑุณุงุฆู ุฎููู ุนู ุนูุงูุชูุง ุจู ุงููุง ูุงููุง ุชุซู ุจู ุงููุทู ูุง ุชุธูุฑ ุงุจูุงุคูุง ุงูุง ููู ุชุดุนุฑ ูุนู ุจุงูุงูุงู ุงูุชุงู ูุญูู ุชุญุถุฑูู ุงููู ููู ุชููู ุถููุง ุงูุง ุงุซู ุจู ุซุงููุง ูุงููุง ุชุนุชุจุฑู ุฌุฒุกุง ูู ุนุงุฆูุชูุง ุญูู ุชุดุนุฑ ุงููุทู ุจุงูู ูุณุช ูุฌุฑุฏ ุงูุณุงู ููุฏู ุงูุทุนุงู ุจู ุดุฑูู ูู ุงูุงูุงู ูุงูุฑุงุญู ูุฏ ุชุดุฑูู ูู ุฑุนุงูู ุตุบุงุฑูุง ุซุงูุซุง ูุงููุง ุชุทูุจ ุงููุณุงุนุฏู ุงุฐุง ูุงูุช ูุชูุชุฑู ุงู ูุฑููู ูุฏ ุชูุฌุง ุงููู ุจุทุฑููุชูุง ุงูุฎุงุตู ูุชููู ุณุงุนุฏูู ุฑุงูุจูู ูู ุงุฌูู ุฑุงุจุนุง ูุงููุง ุชุฑูุฏ ุงู ูุนุชุงุฏ ุตุบุงุฑูุง ุนููู ุงููุทู ุงูุฐููู ุชุณุนู ุงูู ุชุนุฑูู ุตุบุงุฑูุง ุนูู ุงูุงุดุฎุงุต ุงูุงูููู ูู ูุญูุทูุง ุญุชู ููุดุงูุง ุฏูู ุฎูู ุงู ููู [ููุณููู],18,7,2025
OJgI7zZ9upw,ูู ููุถู ูุทู ุงูุนูุด ูุนู ุฃู ูุญูู ุจุงูุญุฑูุฉุ ุงูุญูููุฉ ูุฏ ุชูุงุฌุฆู! ๐ฑ๐ฅ #ูุทุฉ #ูุทุท #ุงููุทุท,2025-01-21,50.0,122593,0 days 00:00:38,67.22,191,6230,80,26,122110,1316.9977,186,69980,6.69,ูู ุชุณุงุฆูุช ุงู ูุงู ูุทู ูุญุจ ุงูุนูุด ูุนู ุงู ุงูู ูุชููู ุญูุงู ุงููุญุฏู ูุงูุญุฑูู ุงููุง ุงููุทุท ุงูุชู ุชุนูุด ูุน ุงูุจุดุฑ ุชุนูุด ุญูุงู ุงุทูู ูู ุงูุจุฑูู ููุงุฌู ูุทู ูุฎุงุทุฑ ูุซูุฑู ูุซู ุงูุฌูุน ุงูุงูุฑุงุถ ูุงูุญููุงูุงุช ุงูููุชุฑุณู ุจูููุง ูู ููุฒูู ูุฌุฏ ุงูุทุนุงู ุงูุฏุงูุฆ ุงูุฑุงุญู ูุงูุงูุงู ููุง ูุถุงุนู ูุฑุตุชู ูู ุงูุนูุด ุญูุงู ุทูููู ูุณุนูุฏู ุซุงููุง ูุทู ููุณ ูุงุฆูุง ููุนุฒูุง ููุง ุชุธู ุตุญูุญ ุงูู ูุญุจ ุงูุงุณุชููุงููู ูููู ูู ุงููุงูุน ูุงุฆู ุงุฌุชูุงุนู ุจ ุทุฑููุชู ุงูุฎุงุตู ุนูุฏูุง ููุฑู ุฌุณุฏู ุจู ุงู ููุงุญูู ูู ุบุฑูู ูุงุฎุฑู ููู ูุฎุจุฑู ุงูุง ุงุนุชุจุฑู ุนุงุฆูุชู ุซุงูุซุง ูุทู ูุญุชุงุฌ ุงูู ุงูุชูุงุฒู ุจูู ุงูุนุฒูู ูุงูุงูุชูุงู ูู ูุญุจ ุงูุงุณุชููุงู ูููู ุงูุถุง ูุญุชุงุฌ ุงูู ุงูุญุจ ูุงูุชูุงุนู ุงุฐุง ุงูููุชู ุชูุงูุง ูุฏ ูุดุนุฑ ุจุงูููู ุงู ุงูุญุฒู,21,1,2025
OWzZ4rjd9Zo,ูุง ุฏูุฑ ุงููุทุท ูู ุญูุงุชูุง ๐ฑ๐ #ุงููุทุท #ูุทุท,2025-02-27,57.0,120727,0 days 00:00:40,68.29,269,7187,98,69,111879,1246.1862,265,114073,7.26,ูู ุชุนุชูุฏ ุงู ุงููุทุท ูุฌุฑุฏ ุญููุงูุงุช ุงูููู ููุฑ ูุฑู ุงุฎุฑู ุงููุทุท ููุณุช ูุฌุฑุฏ ูุฎูููุงุช ูุทููู ุจู ูู ูุงุฆูุงุช ูุงุฏุฑู ุนูู ุชุบููุฑ ุญูุงุชู ุจุทุฑู ูู ุชุชููุนูุง ุงููุง ุงููุทุท ุชุญุจูุง ููุง ูุญู ุงููุงุณ ูุญุจูู ุจุนุถูู ูุงุณุจุงุจ ูุซูุฑู ุงููุงู ุงูุดูู ุงูููุตุจ ููู ุงููุทู ุชุญุจู ุงูุช ููุท ุจูู ุนููุจู ูุง ุชูุชู ุงุฐุง ููุช ุบููุง ุงู ูููุฑุง ุฌูููุง ุงู ุนุงุฏูุง ุชุทูุจ ููู ุงููููู ุทุนุงูุง ูููุงูุง ุฏุงูุฆุง ูุจุนุถ ุงูุญุจ ูุชุนุทูู ุงููุซูุฑ ุณููุงุช ูู ุงูููุงุก ูุงูุญุจ ุงูุตุงุฏู ุซุงููุง ุงููุทุท ุชุนุทููุง ุงูุญุจ ูู ุงุตุนุจ ุงูุงููุงุช ุนูุฏูุง ุชููู ูุญูุฏุง ูุญุฒููุง ุชุงุชู ุงููุทู ูุชุฌูุณ ุจุฌุงูุจู ุชูุธุฑ ุงููู ุจุนููููุง ุงูุฌูููุชูู ูุงููุง ุชููู ูุง ุชุดุนุฑ ุจู ุชูุงู ุนูู ุตุฏุฑู ูุชุตุฏุฑ ุตูุช ุงูุฎุฑุฎุฑู ุงููุงุนู ูุชุดุนุฑ ุงู ููุจู ูุฑุชุงุญ ูู ูุฐู ุงููุญุธุงุช ุงูุจุณูุทู ุชุฐูุฑู ุงููุทู ุงูุง ูุนู ูู ุงุชุฑูู ูุญุฏู ุงุจุฏุง ุซุงูุซุง ุงููุทุท ุชุณุงุนุฏูุง ุนูู ุชุฌุงูุฒ ุงูุงูุงู ุงูุตุนุจู ูู ุงูุงูุงู ุงูุณูุฆู ุนูุฏูุง ุชุดุนุฑ ุจุงูุชุนุจ ูุงูุญุฒู ุณุชุฌุฏ ูุทุชู ุงูู ุฌุงูุจู,27,2,2025
vQUPii5lVE4,ูู ูุทู ุบููุฑุ 3 ุนูุงูุงุช ุชุซุจุช ุฐูู! #ูุทุท #cat #ุงููุทุท,2025-02-20,54.0,118425,0 days 00:00:42,69.72,221,6739,85,19,114959,1363.4167,219,87971,7.87,ูู ุชุนูู ุงู ูุทู ูุฏ ูููู ุบููุฑุง ุนููู ุงูุซุฑ ููุง ุชุชุฎูู ุงููู ุซูุงุซู ููุงูู ุชุซุจุช ุฐูู ุงููุง ุนูุฏูุง ุชุณุชุฎุฏู ูุงุชูู ูุซูุฑุง ุงุฐุง ูุงุญุธุช ุงู ูุทู ููู ุงูุงู ุงูุดุงุดู ุงู ูุญุงูู ููุณ ูุงุชูู ุจูุฎูุจู ููุฐุง ูุงูู ูุฑู ุงูู ุชุนุทู ุงูุชุจุงูู ูุดูุก ุงุฎุฑ ุบูุฑู ุซุงููุง ุนูุฏูุง ุชุฏูู ูุทุง ุงุฎุฑ ุงูุงูู ุงุฐุง ุฑุงูุช ูุทู ูุญุฏู ุจู ุจูุธุฑุงุช ุบุฑูุจู ุงู ูุญุงูู ุงูุชุณูู ุจููู ูุจูู ุงููุท ุงูุงุฎุฑ ููุฐุง ูุนูู ุงูู ูุง ูุญุจ ุงู ูุดุงุฑูู ูุน ุงุญุฏ ุจุนุถ ุงููุทุท ูุฏ ุชุตุฏุฑ ููุงุก ุงุญุชุฌุงุฌูุง ุงู ุชุจุชุนุฏ ููู ุบุงุถุจู ุซุงูุซุง ุนูุฏูุง ุชุชูุงุนู ูุน ุดุฎุต ุงุฎุฑ ูุซูุฑุง ุงุฐุง ููุช ุชุชุญุฏุซ ูุน ุดุฎุต ุงุฎุฑ ุงู ุชุฌูุณ ูุนู ููุชุฑู ุทูููู ูุฏ ุชุฌุฏ ุงู ูุทู ูุงุชู ูุฌุงู ููุฌูุณ ูู ุญุถูู ูุญุงููุง ููุช ุงูุชุจุงูู ุจุงู ุทุฑููู ุงุญูุงูุง ูุฏ ูุจุฏุง ุจุงูุงุญุชูุงู ุจู ุงู ุญุชู ุงุตุฏุงุฑ ุงุตูุงุช ูุฌุฐุจ ุงูุชุจุงูู,20,2,2025
Y9xlWb8hrIs,3 ุฃุดูุงุก ุชุฌุนู ูุทู ูุญุจู ููุชุนูู ุจู ุฃูุซุฑ! #ูุทุท #ุงููุทุท #cat,2025-02-21,45.0,115164,0 days 00:00:36,64.52,198,6182,90,19,111461,1127.3485,192,77763,7.34,ูู ุชุฑูุฏ ุงู ูุตุจุญ ูุทู ูุชุนููุง ุจู ุงูุซุฑ ุงููู ุซูุงุซู ุงุดูุงุก ุณุชุฌุนูู ูุฑุงู ูุดุฎุต ุงูููุถู ูุงุญุฏ ูุบู ุงูุนููู ุงูุจุทูุฆู ูู ูุงุญุธุช ุงู ุงููุทุท ุชุฑูุด ุจุจุทุก ุนูุฏูุง ุชุดุนุฑ ุจุงูุงูุงู ุฌุฑุจ ุงู ุชูุธุฑ ุงูู ูุทู ูุชุบูู ุนูููู ุจุจุทุก ุงุฐุง ุฑุฏ ุนููู ุจููุณ ุงูุทุฑููู ููุฐุง ูุนูู ุงูู ูุซู ุจู ููุดุนุฑ ุจุงูุฑุงุญู ูุนู ุงุซูุงู ุงูุชุญุฏุซ ุจุตูุช ูุงุฏุฆ ูุจุฑู ุตูุชู ุชุคุซุฑ ุนูู ูุทู ุงูุซุฑ ููุง ุชุชุฎูู ุนูุฏูุง ุชุชุญุฏุซ ูุนู ุจุตูุช ุฏุงูุฆ ููุงุฏุฆ ุณูุดุนุฑ ุจุงูุงูุงู ูุณูุฑุช ุจู ุงูุซุฑ ุซูุงุซู ุงููุนุจ ูุงูุชู ุงููููู ุงููุนุจ ููุณ ูุฌุฑุฏ ูุชุนู ููุทู ุจู ูู ูุณููู ูุชุนุฒูุฒ ุนูุงูุชููุง ุฎุตุต ููุชุง ููููุง ููุนุจ ูุนู ุจุงุณุชุฎุฏุงู ุงูุฑูุดู ุงู ุงูููุฒุฑ ุงู ุงููุฑุงุช ุงูุตุบูุฑู ูุณุชูุงุญุธ ููู ูุตุจุญ ุงูุซุฑ ุชุนููุง ุจู,21,2,2025
rmHnei0MC8Q,ูู ููุชูุฏู ูุทู ุญููุง ุนูุฏูุง ุชุบุงุฏุฑ ุงูููุฒู #ูุทุท #ุงููุทุท,2025-07-13,55.0,115108,0 days 00:00:39,66.04,258,3961,56,33,63546,706.2566,253,58363,8.84,ูุง ุงูุฐู ูุดุนุฑ ุจู ูุทู ุญูุง ุญูููุง ุชุบุงุฏุฑ ุงูููุฒูุ ุงููุง ููุจ ูุทู ูููุณุฑ ููููุง ุงูุถุง ููุง ุชุดุนุฑ ุงูุช ุจุงูุฐูุจ ุนูุฏ ูุบุงุฏุฑุชู ูุทู ูููู ุงู ูุนุงูู ูู ููู ุงูุงููุตุงู ุงูุญูููู ุนูุฏูุง ุชุฎุฑุฌ ูู ุงูููุฒู ุชูู ุงูููุงุก ุงูุฒุงุฆุฏู ูุงูุฎุฏูุด ุงููุฏูุฑู ููุณุช ุจุฏุงูุน ุงูุบุถุจ ุจู ูู ุทุฑููู ูุทู ููููู ูู ุงูู ููุชูุฏู ุซุงููุง ุฐูู ุงูุชุฑุญูุจ ุนูุฏ ุนูุฏุชู ูู ุญุจ ุฎุงูุต ุนูุฏูุง ูุฑูุถ ูุทู ูุญูู ููู ููู ุจุดุฏู ูููุฑู ููุณู ุจุฑุฌููู ุจุฌููู ููู ูุง ูุทูุจ ุงูุทุนุงู ููุท ูู ูุญุงูู ุงู ูุชูุงุตู ูุน ุฑุงุฆุญุชู ูู ุฌุฏูุฏ ูุงูู ุงุดุชุงู ุงููู ุจุดุฏู ูุฏุฑุฌู ุงูู ูุงู ูุดุนุฑ ุจุงูุงูู ุซุงูุซุง ูู ูุญุฑุณ ุฐุงูุฑุชู ูุทู ููุงู ุนูู ูุณุงุฏุชู ูุฌูุณ ูู ูุฑุณูู ูููุชุธุฑ ุนูุฏ ุงูุจุงุจ ูุงู ุฑุงุฆุญุชู ูู ุงูุดูุก ุงููุญูุฏ ุงููุชุจูู ููู ููุชุฐูุฑู ูู ูุชูุณู ุจูู ูุง ูุฐูุฑู ุจูุฌูุฏู.,13,7,2025
MQeftHuyo2U,ูู ุนูุงูุชู ุจูุทู ูููุฉุ ุงูุชุดู ุฐูู ุงูุขู! #ุงููุทุท #ูุทุท #cat #ุงูุนูู,2025-04-11,41.0,113833,0 days 00:00:34,57.86,118,3578,46,72,63083,615.5328,112,64545,6.04,ูู ุนูุงูุชู ุจูุทู ูููู ุญูุงุ ุฌุฑุจ ูุฐุง ุงูุงุฎุชุจุงุฑ ุงูุจุณูุท ุงููููู ูู ุณุช ุฎุทูุงุช ููุนุฑูู ูุฏู ุญุจู ูู. ุงููุง ุชุธุงูุฑ ุจุงูู ุณุชูุฌู ูู ูููู. ุซุงููุง ุญุฑู ุดุงุฑุจูู ุจุฑูู ุนุฏู ูุฑุงุช. ุซุงูุซุง ุงุถุบุท ุนูู ุงููู ุจูุทู ุฎูุณ ูุฑุงุช. ุฑุงุจุนุง ุงูุณู ุจุฑุงุณู ููุฏู ุฎูุณ ุซูุงู. ุฎุงูุณุง ุฏูู ูุฌูู ุจุฎูุณ ููุณุงุช ูุงุนูู. ุณุงุฏุณุง ุงูุณู ุจุฐููู ุจูุทู ููุฏู ุฎูุณ ุซูุงู. ุงุฐุง ุชูุจู ูุทู ุซูุงุซุง ูู ูุฐู ุงูุนูุงูุงุช ููุฏ ูุฌุญุช ูู ุงูุงุฎุชุจุงุฑ ููููุง ุงุฑุชูุน ุงูุฑูู ูุนูู ุงูู ูุตูุช ุงูู ุงุนูู ุฏุฑุฌุงุช ุงูุซูู ูู ูุทู ูุง ูู ุงูุนูุงูู ุงูุชู ุญุตูุช ุนูููุงุ.,11,4,2025
Lim_ce8uryA,ูุทุชู ุชุนุงูู ุจุตูุช๐ฟ๐ฟ๐ #ูุทุท #cat #ุงููุทุท,2025-02-26,60.0,99909,0 days 00:00:41,70.46,148,5432,85,43,98155,1128.2067,143,99024,8.26,ุซูุงุซ ุนูุงูุงุช ุตุงูุชู ุชุฎุจุฑู ุงู ูุทุชู ุชุนุงูู ููู ูุง ุชุณุชุทูุน ุงูุจูุญ ุงููุง ุฑูุญูุง ุงูุตุบูุฑู ุชูุทูุฆ ุจุจุทุก ุงูุงู ุนูููู ุชูู ุงููุฎูููู ุงูุตุบูุฑู ุงูุชู ูุงูุช ุชููุง ููุฒูู ุจุงูุญูุงู ูู ุชุนุฏ ูู ููุณูุง ูู ุตูุช ูุคูู ุชุฎุชูู ูุทุชู ุงูุงูู ูููุง ุจุนุฏ ููู ุชุญุงูู ุจูู ููุชูุง ุงู ุชุฎูู ุงูููุง ูุงููุง ุชุนูู ูู ุชุญุจูุง ููู ุณูุคููู ุฑุคูุชูุง ุชุนุงูู ุซุงููุง ูู ุงุนูุงู ุนููููุง ุตุฑุฎู ููุชููู ุงูุชุฑุจ ูููุง ุงูุธุฑ ูู ุนููููุง ูู ุชุฑู ุฐูู ุงูุชุบูุฑ ุชูู ุงููุธ ุงูุธุฑู ุงูุจุงูุชู ุงูุชู ุญูุช ูุญู ุงููุธุฑู ุงููุดุฑูู ุชูู ุงูุฏููุน ุงูุตุงูุชู ุงูุชู ุชุญุจุณูุง ูู ุญุฏูุชููุง ุนููุงูุง ุงูุงู ูุงูุฐุชุงู ูุฑูุญ ุชุชุงูู ูุชุชููู ูู ุชูุชูู ุตูุชุง ุจุดุฑูุง ููุญุธู ูุงุญุฏู ููุท ูุชููู ูู ุงูุง ุจุญุงุฌู ุงููู ุงูุงู ูุง ุชุชุฑููู ุงุชุงูู ูุญุฏู ุซุงูุซุง ุญูููุง ุชุณุชุณูู ูุชุชุฎูู ุนู ูุจุฑูุงุฆูุง ูุงูุช ุฏุงุฆูุง ุงูููู ุชูุถู ุณุงุนุงุช ูู ุงูุนูุงูู ุจูุฑุงุก ุงููุงูุน ูุงูุงู ุชูู ุงููุฑูู ุงููุฎูููู ุงุตุจุญุช ุจุงูุชู ูุชุณุฎู ูุชุดุงุจูู,26,2,2025
4EvqfsJAt3A,3 ุนูุงูุงุช ุชุฏู ุนูู ุงู ูุทู ููุฏุนู ููุงุจุฏ ๐ฟ๐ #ูุทุท #ุงููุทุท,2025-02-22,58.0,98626,0 days 00:00:43,70.02,162,5599,75,38,97319,1165.1964,156,115866,8.16,ุซูุงุซู ุนูุงูุงุช ุชุฏู ุนูู ุงู ูุทู ููุฏุนู ุจุตูุช ูุง ุชุชุฌุงูููุง ุงููุง ูุทู ูุฎุชุจุฆ ุจุนูุฏุง ุนูู ุงุฐุง ูุงุญุธุช ุงู ูุทู ูู ูุนุฏ ููุชุฑุจ ููู ููุง ูุงู ูููุถู ุงูุนุฒูู ูู ุงูุงูู ูุธููู ุงู ูุฎููู ููุฏ ูููู ูุดุนุฑ ุจุงูุงูู ุงู ุงูุถุนู ุงูุดุฏูุฏ ุงููุทุท ุชุญุงูู ุญูุงูู ููุณูุง ุนูุฏูุง ุชููู ูู ุญุงูู ุญุฑุฌู ููููุง ุชุญุชุงุฌ ุงูู ุญุจู ูุฑุนุงูุชู ุงูุซุฑ ูู ุงู ููุช ูุถู ุซุงููุง ูุทู ุงุตุจุญ ูุฌุงู ุนุฏูุงููุง ุงู ุญุฒููุง ุงุฐุง ูุงู ูุทู ูููุณ ูุฎุฏุด ุงู ููุฑุจ ุนูุฏ ููุณู ููุฏ ูููู ูุนุงูู ูู ุงูู ุดุฏูุฏ ูุง ูุณุชุทูุน ุงูุชุนุจูุฑ ุนูู ุจุนุถ ุงููุทุท ุชุตุจุญ ูุงุฏุฆู ุฌุฏุง ูุชููุฏ ุงูุชูุงููุง ุจูู ุดูุก ุญูููุง ููุงููุง ุชุณุชุนุฏ ููุฑุญูู ูุฐู ุงูุชุบูุฑุงุช ููุณุช ูุฌุฑุฏ ุณููู ุนุงุจุฑ ุจู ูู ุตุฑุฎู ุงูู ุชุญุชุงุฌ ุงูู ุงุณุชุฌุงุจู ุณุฑูุนู ููู ุซุงูุซุง ูุทู ูู ูุนุฏ ูุงูู ุงุฐุง ุฑูุถ ูุทู ุงูุทุนุงู ุชูุงูุง ุญุชู ุงูุซุฑ ุงููุฌุจุงุช ุงูุชู ูุงู ูุญุจูุง ููุฐู ุนูุงูู ูุฌุจ ุงูุงูุชุจุงู ููุง ููุฏุงู ุงูุดูู ุงูููุงุฌุฆ ูุฏ ูููู ูุงุชุฌุง ุนู ูุฑุถ ุฎุทูุฑ,22,2,2025
nCdb-EG7I6M,ูุง ุณุจุจ ุชุญุฏูู ูุทู ููู ุ ๐ฑ๐ #ุงููุทุท #ูุทุท,2025-01-25,56.0,97215,0 days 00:00:37,68.59,135,5483,63,30,96614,1010.761,127,157498,8.45,ูู ุชุณุงุกูุช ูููุง ููุงุฐุง ูุญุฏู ููู ูุทู ุจุชูู ุงููุธุฑู ุงูุซุงูุจู ูู ูู ุญุจ ูุถูู ุงู ุดูุก ุงุฎุฑ ุชูุงูุง ุงููุง ูุบู ุงูุญุจ ุนูุฏ ุงููุทุท ุนูุฏูุง ูุญุฏู ููู ูุทู ููุฑู ุจุจุทุก ููู ูุง ูุญุงูู ุงูุชุญุฏูู ุจูุง ุณุจุจ ูุฐู ุทุฑููุชู ูู ููู ุงูุง ูุฑุชุงุญ ูุนู ูุงุญุจู ูู ุนุงูู ุงููุทุท ูุฐู ุงููุธุฑู ุชุนุงุฏู ุงูุงุจุชุณุงูู ุงู ุงูุนูุงู ุนูุฏ ุงูุจุดุฑ ุซุงููุง ูุฑูุฏ ุดูุฆุง ููู ุงุญูุงูุง ูุง ูููู ุงูุชุญุฏูู ูุฌุฑุฏ ูุธุฑู ุนุงุจุฑู ุจู ุฑุณุงูู ูุงุถุญู ููู ุงุฐุง ูุงู ูุญุฏู ุจู ุจุงูุชุจุงู ุดุฏูุฏ ููุฏ ูููู ุฌุงุฆุนุง ูุฑูุฏ ุงููุนุจ ุงู ุญุชู ูุญุชุงุฌ ุงูู ุจุนุถ ุงูุงูุชูุงู ุซุงูุซุง ูุญููู ููุง ุชุญููู ูุฏ ุชุนุชูุฏ ุงูู ุงููุญูุฏ ุงูุฐู ูุฑุงูุจ ุชุตุฑูุงุช ูุทู ููู ุงูุญูููู ุงูู ูุฑุงูุจู ุจููุณ ุงูุทุฑููู ุงููุทุท ูุฎูููุงุช ุฐููู ูุนูุฏูุง ูุญุฏู ููู ููู ูุญุงูู ููู ุนุงุฏุงุชู ูุฒุงุฌู ูุญุชู ูุชู ุณุชููู ุจุดูุก ูุซูุฑ ุงูุชูุงูู,25,1,2025
z-07Fv3PrSU,ููุงุฐุง ููุงุฌูู ูุทูุ #ูุทุท #ุงููุทุท,2025-01-19,57.0,96453,0 days 00:00:41,72.7,109,5445,93,17,95864,1101.8705,104,160434,8.98,ูู ุดุนุฑุช ูููุง ุงู ูุทู ููุงุฌูู ุจุฏูู ุณุจุจ ูู ุงูุญูููู ุงููุทุท ูุง ุชูุงุฌู ุนุดูุงุฆูุง ุจู ููุงู ุงุณุจุงุจ ุฎููู ูุฑุงุก ูุฐุง ุงูุณููู ุงููุง ุงููุนุจ ุงูุนุฏูุงูู ุญูุซ ุชุนุชุจุฑ ุงููุทุท ุงูุตูุฏ ุบุฑูุฒู ุทุจูุนูู ููุฏ ุชุฑู ูุฏูู ุงู ูุฏููู ููุฑูุณุฉ ุฌุฏุฏ ูู ุงูููุฒู ููุฏ ููุงุฌูู ููุณููู ููุฏูุงุน ุนู ููุณู ุงููุทุท ุชุนุชูุฏ ุนูู ูุบู ุงูุฌุณุฏ ูุชุธูุฑ ุงูุฒุนุงุฌูุง ูุงุฐุง ุชุฌุงููุช ุงุดุงุฑุงุชูุง ูุซู ุงูููุงุด ุงูุงุฐููู ุงู ุงูุชูุงุฎ ุงูุฐูู ููุฏ ุชูุฌุง ูููุฌูู ูุชุญุฐูุฑ ุงุฎูุฑ ุซุงูุซุง ุงูุงูู ุงู ุงููุฑุถ ุงููุทุท ูุง ุชุนุจุฑ ุนู ุงูููุง ุจูุถูุญ ูุฐูู ุงุฐุง ุดุนุฑุช ุจุนุฏูุงููู ููุงุฌุฆู ูู ูุทู ุฏูู ุณุจุจ ูุงุถุญ ููุฏ ูููู ูุนุงูู ูู ูุดููู ุตุญูู ูุซู ุงูุชูุงุจ ุงูููุงุตู ุงู ุงูู ุงูุงุณูุงู,19,1,2025
NdV_NcNAlK0,4 ุฃุณุจุงุจ ุชุซุจุช ุฃู ุงููุทุท ููุณุช ูุฌุฑุฏ ุญููุงูุงุช ุฃูููุฉ #ุงููุทุท #ูุทุท #cat,2025-07-04,44.0,96403,0 days 00:00:31,65.82,136,3561,49,38,53536,476.9068,130,74379,8.13,ูู ุชุธู ุงู ุงููุทุท ูุฌุฑุฏ ุญููุงูุงุช ุงููููุ ููุฑ ูุฌุฏุฏุง ุงููุง ุชุญุณู ุงููุฒุงุฌ ุตูุช ุฎุฑุฎุฑุชูุง ูุนูู ูุชูุฏุฆู ุทุจูุนูู ููุงุนุตุงุจ ูุฎูู ุงูุชูุชุฑ ููุฌุนู ูููู ุงูุซุฑ ูุฏูุกุง ุซุงููุง ุชูุธู ููุณูุง ุจููุณูุง ุงููุทุท ูุง ุชุญุชุงุฌ ุงูู ุนูุงูู ูุณุชูุฑู ููู ุชุญุงูุธ ุนูู ูุธุงูุชูุง ุจุดูู ูุทุฑู ููุง ูุฌุนููุง ุณููู ุงูุนูุงูู ุซุงูุซุง ุชุนููู ุงูุตุจุฑ ุงููุทุท ูุง ุชุงุชูู ููุฑุง ุญูู ุชุฑูุฏ ุจู ุชุฎุชุงุฑ ุงููุญุธู ุงูุชู ุชุดุนุฑ ูููุง ุจุงูุฑุงุญู ูุนู ููุฐุง ูุนููู ุงูุงูุชุธุงุฑ ูุงูุงุญุชุฑุงู. ุฑุงุจุนุง: ุชุฌุนู ุงูููุฒู ุงูุซุฑ ุฑุงุญู ููุณูู ูุฌูุฏูุง ูุถูู ุฏูุกุง ูุณูููู ููููุงู ุญุชู ูู ุงููุงุช ุงููุฏูุก ุชุดุนุฑ ุจุญุถูุฑูุง ูููุง ุงูุฌู ุจุงูุทูุงูููู.M.,4,7,2025
xM_ghocEsTY,3 ุทุฑู ุจุณูุทุฉ ูุฌุนู ูุทู ุงูููุฒูู ุณุนูุฏุงู ๐โโฌ๐  #ุงููุทุท #ูุทุท,2025-07-17,60.0,94532,0 days 00:00:40,64.74,170,3130,46,16,51448,590.8136,163,30524,8.13,ูู ุชุนูู ุงู ูุทู ุงูุตุบูุฑู ูุญุชุงุฌ ุงูู ุงูุซุฑ ูู ูุฌุฑุฏ ุงูุทุนุงู ูุงููุงุกุ ููููู ุณุนูุฏุง ุงููู ุซูุงุซู ุทุฑู ุจุณูุทู ุชุฌุนู ูุทู ุงุณุนุฏ ูุท ูู ุงูุนุงูู. ุงููุง ููุฑ ูู ุงูุงูู ูุฑุชูุนู ููุชุณูู. ุงููุทู ุชุญุจ ุงููุฑุชูุนุงุช ุจุทุจูุนุชูุง ูุงููุง ุชุดุนุฑูุง ุจุงูุงูุงู ูุชุณูุญ ููุง ุจูุฑุงูุจู ูุญูุทูุง. ููููู ุชุฑููุจ ุฑููู ุฎุงุตู ุจุงููุทุท ุนูู ุงูุฌุฏุฑุงู ุงู ุดุฑุงุก ุดุฌุฑู ูุทุท ุทูููู. ุณุชูุงุญุธ ุงู ูุทู ุณููุถู ุณุงุนุงุช ูู ุงูุงุณุชูุชุงุน ุจููููุชู ุงูุนุงููู. ุซุงููุง ุงูุนุจ ูุนู ููููุง ููุฏู 15 ุฏูููู ุนูู ุงูุงูู ุงููุทุท ุงูููุฒููู ุชุญุชุงุฌ ููุญุฑูู ูุงููุดุงุท ุชูุงูุง ูุซู ุงููุทุท ุงูุจุฑูู ุงุณุชุฎุฏู ุงูุนุงุจ ุงูุฑูุด ุงู ุงูุฎููุท ุงู ูุฑุงุช ุงูุตูู ููุนุจ ูุนู ูุฐุง ูู ูุจููู ูุดูุทุง ูุญุณุจ ุจู ุณูููู ุงูุฑุงุจุทู ุจููููุง ุงูุถุง ุซุงูุซุง ููุฑ ูู ูุงูุฐู ุงููู ูููุดุงูุฏู ุงููุทุท ุชุนุดู ูุฑุงูุจู ุงูุนุงูู ุงูุฎุงุฑุฌู ุถุน ุณุฑูุฑุง ูุฑูุญุง ุงู ูุณุงุฏู ุจุฌุงูุจ ุงููุงูุฐู ููุชููู ูุทู ูู ูุดุงูุฏู ุงูุทููุฑ ูุงูุญุฑูู ูู ุงูุฎุงุฑุฌ ูุฐุง ุงูุชููุงุฒ ูุงุฒ ุงูุทุจูุนู ุณูุจููู ูุณุชูุชุนุง ูุณุงุนุงุช,17,7,2025
y08h_RLHTHU,ูู ูุทู ุณุนูุฏ ูุนูุ ๐ ุงูุชุดู 4 ุนูุงูุงุช ุชุคูุฏ ุฐูู! #ูุทุท #ุงููุทุท,2025-01-26,52.0,92343,0 days 00:00:40,66.31,181,6213,108,23,91513,1027.3325,173,100830,7.38,ูู ุชุณุงุกูุช ูููุง ูู ูุทู ุณุนูุฏ ูุนู ุงููุทุท ูุง ุชุณุชุทูุน ุงูุชุญุฏุซ ููููุง ุชุชุฑู ููุง ุงุดุงุฑุงุช ูุงุถุญู ุชุฏู ุนูู ุณุนุงุฏุชูุง ุงููุง ุฐููู ููุดู ูุดุงุนุฑู ุงุฐุง ูุงู ุฐูู ูุทู ูุฑููุนุง ููุงุนูู ูุน ุงูุญูุงุกู ุฎูููู ูู ููุงูุชู ููุฐุง ูุนูู ุงูู ูุดุนุฑ ุจุงูุณุนุงุฏู ูุงูุซูู ุซุงููุง ูุนุฌู ุจูุฎุงูุจู ุนูุฏูุง ูุนุฌู ุงูุงุฑุถ ุงู ุงููุณุงุฆุฏ ุงู ุญุชู ุญุถูู ููู ูุณุชุฑุฌุน ุฐูุฑูุงุช ุทูููุชู ุนูุฏูุง ูุงู ูุฑุถุน ูู ุงูู ูุฐุง ุงูุชุตุฑู ูุฏู ุนูู ุดุนูุฑู ุจุงูุงูุงู ูุงูุฑุงุญู ุจุฌุงูุจู ุซุงูุซุง ุงูุฎุฑุฎุฑู ุงูุฎุฑุฎุฑู ูุฏ ุชููู ูุงุณุจุงุจ ูุฎุชูู ููููุง ุบุงูุจุง ูุง ุชุฏู ุนูู ุงูุงุณุชุฑุฎุงุก ูุงูุณุนุงุฏู ุงุฐุง ุฌูุณ ุจุฌูุงุฑู ูุจุฏุง ูู ุงูุฎุฑุฎุฑู ููุฐุง ูุนูู ุงูู ูุดุนุฑ ุจุงูุงูุงู ูุงูุฑุงุญู ูุนู ุฑุงุจุนุง ูุญุชู ุจู ูููุฑู ุฑุงุณู ุนููู ุนูุฏูุง ูุญุชู ุจู ุงู ููุฑู ุฑุงุณู ุจุฌุณุฏู ููู ูุนุจุฑ ุนู ุญุจู ูู ููุง ุงูู ูุชุฑู ุฑุงุฆุญุชู ุนููู ููุดุนุฑ ุจุงููุฒูุฏ ูู ุงูุงูุงู ูููุคูุฏ ุงูู ุฌุฒุก ูู ุนุงููู,26,1,2025
6nTgjtxGqyY,ุฏููู ุงููุฌุงุฉ ููุทู ูู ุฃูุงู ุงูุตูู ุงูุญุงุฑูุฉ! #ูุทุท #ุงูุนูู #ุงููุทุท,2025-06-26,38.0,88098,0 days 00:00:29,69.4,84,2573,43,12,46653,386.1216,82,56841,7.5,ูู ุชุนูู ุงู ุญุฑุงุฑู ุงูุตูู ูุฏ ุชุนุฑุถ ูุทู ูุฎุทุฑ ุญููููุ ุงููู ุงุฑุจุน ุฎุทูุงุช ุงุณุงุณูู ูุญูุงูุชู ุฎูุงู ุงูุงูุงู ุงูุญุงุฑู. ุงููุง ููุฑ ูู ุงูุธู ูุงูุฑุงุญู ุงููุทุท ุชุญุจ ุงูุงูุงูู ุงูุจุงุฑุฏู ูุชุจุชุนุฏ ุนู ุงุดุนู ุงูุดูุณ ูุงุญุฑุต ุนูู ุงู ูููู ูุฏูู ููุงู ูุธูู ููุงุฏุฆ. ุซุงููุง: ุงููุงุก ุซู ุงููุงุก ุถุน ุงูุนูู ูุงุก ูู ุงูุงูู ูุชุนุฏุฏู ูุบูุฑูุง ุจุงุณุชูุฑุงุฑ. ุงูุฌูุงู ูู ุงูุนุฏู ุงูุงูู ููุทู ูู ุงูุตูู. ุซุงูุซุง ูุง ุชุญูู ูุฑุงุกู ุจุงููุงูู. ูุต ููุท ุงููุฑุงุก ุงูุทููู ุงุฐุง ูุฒู ุงูุงูุฑ ูุงู ุงููุฑุงุก ูุนูู ูุทุจูู ุญูุงูู ุทุจูุนูู ูู ุญุฑุงุฑู ุงูุดูุณ,26,6,2025
9d3mkC_xLFk,ูู ุชุนุฑู ููุงุฐุง ุชุฎุฑุฎุฑุฉ ููุทุท #cat #ูุทุท,2025-05-27,38.0,87113,0 days 00:00:29,74.52,114,2754,53,14,51586,427.6135,112,198111,6.78,ูู ุชุนุฑู ููุงุฐุง ุชุฎุฑุฎุฑ ุงููุทุทุ ุงูุฎุฑุฎุฑู ููุณุช ูุฌุฑุฏ ุตูุช ูุทูู ุจู ูู ูุบู ุณุฑูู ูููุทุท ุนูุฏูุง ุชุฎุฑุฎุฑ ูุทุชู ูุฏ ุชููู ุณุนูุฏู ุงู ูุฑุชุงุญู ููู ูู ุจุนุถ ุงูุงุญูุงู ูุฏ ุชููู ุชุนุจูุฑุง ุนู ุงูุฑุงุญู ุญุชู ุนูุฏูุง ุชุดุนุฑ ุจุงูุชูุชุฑ ุงู ุงูุงูู ุงููุทุท ุชุณุชุฎุฏู ุงูุฎุฑุฎุฑู ุงูุถุง ูุทุฑููู ููุชูุงุตู ูุนู ููู ุชููู ุงูุง ูู ุงูุงู ูุงูุง ุงุญุจู ููุงููุง ุชุฎุจุฑู ูู ุดูุก ุนูู ูุง ูุฑุงู ุงููุซูุฑ ูู ุงูุงูุฑ ูู ุงู ุงูุฎุฑุฎุฑู ูุฏ ุชุณุงุนุฏ ูู ุดูุงุก ุงูุฌุณู. ูุนู ุงูุชุฑุฏุฏุงุช ุงูุชู ุชูุชุฌูุง ูุฏ ุชุญูุฒ ุนูููู ุงูุดูุงุก ูุชุญุณู ูู ุตุญู ุงูุนุธุงู.,27,5,2025
Oa6PPw0ZEDg,ููู ุชููู ูุบุฉ ุฌุณุฏ ูุทู ุ ๐บ๐ #ุงููุทุท #ูุทุท,2025-03-16,43.0,86296,0 days 00:00:33,71.69,90,3120,42,16,72463,684.2921,80,55705,7.23,ูู ุชุนูู ุงู ุฌุณู ูุทู ูุชุญุฏุซ ุฏูู ุนููู ุงููุง ูุถุน ุฐูู ูุทู ูุญูู ุงููุซูุฑ ูู ุงูุงุณุฑุงุฑ ุงูู ูููุงุณ ูุดุงุนุฑู ุจูููุง ูุดูุฑ ุงูุฐูู ุงููุฑุชูุน ูุงูููุญูู ููููุง ุงูู ุงูุซูู ูุงูููุฏู ูุงู ุงูุฐูู ุงูููุฎูุถ ูุงููุฎ ููุดู ุนู ุงูุฎูู ุซุงููุง ุฐูู ุงููููุถ ุงูุจุทูุก ููุณ ูุนุงุณุง ุงููุง ุงุดุงุฑุงุช ูุชุนูุฏู ููุชุนุฑุถ ููุถุนู ูู ุงูุจุฑูู ุบูู ุงูุนููู ุงูุงู ููุชุฑุณ ุงุฎุฑ ูุนุชุจุฑ ุฎุทุฑุง ูุฐุง ุนูุฏูุง ูุบูุฒ ูุทู ุจุนูููู ุจุทุก ููู ูููู ูู ุงุซู ุจู ุจูุง ููู ุงูููุงูู ูุงููู ุถุนููุง ุซุงูุซุง ุงุฐูุง ูุทู ุงููููุทุญ ุชุงู ุงูุชูุงู ุชูุชุตูุงู ุจุฑุงุณู ููุณุช ุฌูููุง ุจู ููุง ุงุฎุฑ ุชุญุฐูุฑ ูู,16,3,2025
5iheftd9Y8M,ููุงุฐุง ูุนุฌู ูุทู ุ #ูุทุท #ุงููุทุท,2025-01-03,51.0,83576,0 days 00:00:35,71.17,114,4238,61,23,83134,823.7576,110,59942,6.61,ูู ุชุณุงุกูุช ูููุง ููุงุฐุง ูููู ูุทู ุจุญุฑูู ุงูุนุฌู ุงูุบุฑูุจูุ ูุฐุง ุงูุณููู ุงููุทูู ููุณ ุนุดูุงุฆูุง ููุง ูุจุฏู ุจู ูุญูู ุงุณุฑุงุฑุง ูุฏูุดู ุงููุง ุนุงุฏู ุทููููู ุนูุฏูุง ูุงู ูุทู ุตุบูุฑุง ูุงู ูุนุฌู ุจุทู ุงูู ูุชุญููุฒ ุชุฏูู ุงูุญููุจ ุงุฐุง ุงุณุชูุฑ ูู ูุฐุง ุงูุณููู ููู ูููู ูู ุจุทุฑููู ุบูุฑ ูุจุงุดุฑู ุงูุช ุงูู ุงูุซุงููู ูุงุดุนุฑ ุจุงูุงูุงู ูุนู ุซุงููุง ุฌูุณู ุงุณุชุฑุฎุงุก ุงูุนุฌู ููุณ ูุฌุฑุฏ ุญุฑูู ุงูู ุทููุณ ุงุณุชุฑุฎุงุก ุฎุงุตู ูุทู ูุนุฌู ุนูุฏูุง ูููู ูู ุญุงูู ุณุนุงุฏู ูุฑุงุญู ููุงูู ูุนูุด ูุญุธู ุงุณุชุฌูุงู ูุงุฎุฑู ุฑุจูุง ูุดุจู ุฐูู ููุจ ุดุงู ุณุงุฎู ูู ููู ุจุงุฑุฏ ุซุงูุซุง ุงุนูุงู ุงูุญุจ ูุงูููููู ุนูุฏูุง ูุนุฌู ูุทู ุนููู ููู ูุชุฑู ุจุตูุชู ุนููู ุจุญุฑูุงุชู ูุจุงููุฑูููุงุช ุงูููุฌูุฏู ูู ููููู ููุงูู ูููู ููุนุงูู ูุฐุง ุงูุณุงู,3,1,2025
fN2Dshv2Xg4,ุณุฑ ุทููุณ ุงููุธุงูุฉ ูุฏู ูุทุชู: ุฃูุซุฑ ูู ูุฌุฑุฏ ูุนู! #ูุทุท #ุงููุทุท #ุงูุนูู,2025-06-24,40.0,83278,0 days 00:00:27,68.57,102,2370,47,10,49748,384.7267,99,93547,9.35,ูู ูุงุญุธุช ูููุง ููู ุชูุถู ุงููุทุท ุณุงุนุงุช ููู ุชูุนู ุงุฌุณุงุฏูุงุ ุงูุงูุฑ ููุณ ููุท ูู ุงุฌู ุงููุธุงูู ุงู ุงูุฌูุงู. ุงููุทุท ุญูู ุชูุธู ููุณูุง ุชูุธู ุญุฑุงุฑู ุงุฌุณุงููุง ุชุญูุฒ ุงูุฏูุฑู ุงูุฏูููู ูุชุฒูู ุงูุดุนุฑ ุงูููุช ุจุฏูู ูุฐููู. ูุณุงููุง ููุณ ูุงุนูุง ููุง ุชุธู ุจู ูุบุทู ุจูุชุคุงุช ุฏูููู ุชุนูู ููุฑุดุงู ุชูุธูู ุทุจูุนูู. ูู ูุฐุง ุชููู ุจู ุงูุบุฑูุฒู ุฏูู ุญุงุฌู ุงูู ุตุงูููุงุช ุงู ุงุฏูุงุช ูุฐุง ูู ูู ูุฑู ุชุฑู ูููุง ุงููุทุท ุชุนุชูู ุจููุณูุง ุชุฐูุฑ ุงููุง ูุง ุชูุถู ููุชูุง ุนุจุซุง ุจู ุชูุงุฑุณ ูู ุงูุนูุงูู ุงูุฐุงุชูู ุนูู ุทุฑููุชูุง ุงูุฎุงุตู ุตุญ,24,6,2025
J9BrijbBX6w,ุณุฑ ุญุจ ุงููุทุท ููุฃูุงูู ุงูุนุงููุฉโฆ ููุณ ููุง ุชุธู #ูุทุท #cat #ุงููุทุท !,2025-06-19,57.0,81719,0 days 00:00:37,70.68,168,2754,48,13,48979,516.7654,164,87506,7.57,ูู ูุงุญุธุช ุงู ูุทุชู ุฏุงุฆูุง ูุง ุชุชุณูู ุงูู ุงุนูู ุงูุฑููู ุงู ุชููุฒ ููู ุงูุฎุฒุงุฆู ููุงููุง ุชุณุชูุดู ุฌุจูุง ุดุงููุงุ ูู ุชุณุงุกูุช ูููุงุ ููุงุฐุง ุชูุนู ุฐููุ ูู ุงูุญูููู ุงููุทุท ูุง ุชูุนู ูุฐุง ุนุจุซุง ุจู ููุงู ุงุณุจุงุจ ุบุฑูุฒูู ูุณููููู ุนูููู ูุฑุงุก ูุฐุง ุงูุณููู. ุงููุง ุงููุทุท ูู ุงูุงุตู ุญููุงูุงุช ุตูุงุฏู ููู ุงูุจุฑูู ูุงูุช ุชุฑุงูุจ ูุฑุงุฆุณูุง ูู ุงูุงูู ุนุงููู ุซู ุชููุถ ุจุฏูู ูุณุฑุนู ููุฐุง ุงูุณููู ูุง ูุฒุงู ุญูุง ุจุฏุงุฎููุง ุญุชู ููู ูุงูุช ุชุนูุด ุงูุงู ูู ุดูู ุตุบูุฑู ูุน ูุนุงุก ุทุนุงู ุฌุงูุฒ ุซุงููุง ุงูููุงู ุงููุฑุชูุน ูููุญูุง ุดุนูุฑุง ุจุงูุงูุงู ูู ููุงู ุชุฑู ูู ุดูุก ููุง ุงุญุฏ ูุณุชุทูุน ููุงุฌุงุชูุง ูู ุชุฑุงูุจ ุจุตูุช ูุชุดุนุฑ ุจุงูุณูุทุฑู ุงููุงููู ูุซุงูุซุง ุงูุฎุตูุตูู ุงููุทุท ุชุญุจ ุงููุฏูุก ููุง ุดูุก ูููุญูุง ุงูุนุฒูู ูุงูุฑุงุญู ุงูุซุฑ ูู ููุงู ูุฑุชูุน ุจุนูุฏ ุนู ุงูุถุฌูุฌ ูุงูููุณุงุช ุงูููุงุฌุฆู.,19,6,2025
ESJgjzZAQ5I,3 ุฎุทูุงุช ุจุณูุทุฉ ุชุฌุนู ูุทุชู ุฃูุซุฑ ุญูุงููุง ูุชุนููููุง ุจู! #ุงููุทุท #ูุทุท #cat,2025-07-13,41.0,71568,0 days 00:00:32,66.27,90,2624,35,13,37934,352.1352,84,42529,8.52,ูู ุชุชููู ุงู ุชุนูุด ูุน ูุทู ุญูููู ูุชุญุจ ุงูุจูุงุก ุจุฌูุงุฑูุ ูุฐุง ูููู ุจุฎุทูุงุช ุจุณูุทู. ุงููุง ุงุญุชุฑู ูุณุงุญุชูุง. ุงููุทุท ูุง ุชุญุจ ุงูุงุฌุจุงุฑ. ุงุฐุง ููุญุชูุง ุงูุญุฑูู ูู ุงูุงูุชุฑุงุจ ููู ุณุชุดุนุฑ ุจุงูุงูุงู ูุชุจุฏุง ูู ุงููุซูู ุจู. ุซุงููุง ุชุฌูุจ ุงููุฏุงุนุจู ุงูุฒุงุฆุฏู. ุงูููุณุงุช ุงููุซูุฑู ูุฏ ุชุฒุนุฌูุง ุฎุตูุตุง ูู ููุงุทู ูุง ุชุญุจูุง. ุงุณุชุฎุฏู ููุณุงุช ูุตูุฑู ููุทููู ูุฏุนูุง ูู ุชุทูุจ ุงููุฒูุฏ. ุซุงูุซุง ุญุงูุธ ุนูู ุฑูุชูู ุซุงุจุช ุงููุทุท ุชุญุจ ุงูุชูุฑุงุฑ ูุฌุจุงุช ูู ููุณ ุงูููุช ูุญุธุงุช ูุนุจ ููููู ูุงูุงูู ูุงูููู ุชุณุงุนุฏูุง ุนูู ุงูุดุนูุฑ ุจุงูุงุณุชูุฑุงุฑ [ููุณููู],13,7,2025
BxQy1L04bvw,ููู ุชุฌุนู ูุทู ูุซู ุจู ููุชูุฑุจ ูููุ4 ุฎุทูุงุช ูุนุงูุฉ #ูุทุท #ุงูุนูู #cat,2025-07-14,42.0,69995,0 days 00:00:33,67.45,76,1911,41,18,36597,351.7727,73,25878,7.81,ูู ุชุฑูุฏ ุชุงุฏูุจ ูุทุชู ุงูุดูููุ ุงููู ุงุฑุจุน ุฎุทูุงุช ูุนุงูู ุฏูู ุงู ุชูุณุฏ ุนูุงูุชููุง. ุงููุง ุชุฌุงูู ุงูุณููู ุงูุฎุงุทุฆ ููุฑุง. ุงููุทุท ุชุญุจ ุฌุฐุจ ุงูุงูุชุจุงู ูุงุฐุง ุจุงูุบุช ูู ุฑุฏ ูุนูู ุณุชุนูุฏ ุงูุชุตุฑู ููุท ูุงููุง ูุงูุช ุงูุชูุงูู. ุซุงููุง ูุงูุฆ ุงูุณููู ุงูุฌูุฏ ุจุฏูุง ูู ูุนุงูุจู ุงูุณูุก. ุนูุฏูุง ุชุณุชุฎุฏู ุงูููุงูุงุช ูู ุงูููุช ุงูููุงุณุจ ุณูููู ูุทู ูุง ุงูุฐู ุชุฑูุฏู ููู ุจุงูุถุจุท. ุซุงูุซุง ุงุณุชุฎุฏู ูุจุฑู ุตูุช ุญุงุฒูู ุฏูู ุตุฑุงุฎ. ูู ููุงู ุจูุจุฑู ุซุงุจุชู ููุงุถุญู ูุงู ููุนูู ุงูู ุชุฎุทู ุงูุญุฏูุฏ. ุฑุงุจุนุง ูุง ุชุณุชุฎุฏู ุงูุถุฑุจ ุงุจุฏุง. ุงููุทุท ูุง ุชููู ุงูุนูุงุจ ุงูุฌุณุฏู ุจู ุชุฎุงู ูุชุจุชุนุฏ..,14,7,2025
_HlcNChA-Es,ุชููู ุนู ููู ูุทู ุธููุง ๐๐ฟ #ูุทุท #ุงููุทุท #ูุทุชู,2025-02-08,49.0,69522,0 days 00:00:34,68.53,125,3370,56,18,68934,663.5282,123,65268,7.83,ุชููู ุนู ููู ูุทู ุธููุง ููู ูุง ูุญุงูู ุงุฒุนุงุฌู ุจู ูุญุงูู ุงูุชูุงุตู ูุนู ุจุทุฑููุชู ุงูุฎุงุตู ุงููู ุจุนุถ ุงูุณููููุงุช ุงูุชู ุบุงูุจุง ูุง ูุฎุทุฆ ุงูุจุดุฑ ูู ุชูุณูุฑูุง ุงููุง ุนูุฏูุง ูุฌูุจ ูู ูุฑูุณู ููุชู ุงูู ุงูููุฒู ููู ูุง ูุญุงูู ุงุฎุงูุชู ุงู ุงุฒุนุงุฌู ุจู ูุฑุงู ูุฑุฏุง ูู ุนุงุฆูุชู ููุฑูุฏ ุงู ูุดุงุฑูู ุทุนุงูู ุชูุงูุง ููุง ุชูุนู ุงููุทุท ุงูุงู ูุน ุตุบุงุฑูุง ุงููุง ุนูุงูู ุนูู ุงูุญุจ ูุงูุฑุนุงูู ุซุงููุง ุงุฐุง ูุงู ููุฑู ูุฌูู ุจู ุงู ุจุงุดูุงุฆู ููู ูุง ูุญุงูู ููุท ูุดุฑ ุฑุง ุจู ููุฒุฌ ุฑุงุฆุญุชู ุจุฑุงุฆุญุชู ููุดุนุฑ ุจุงูุงูุงู ููุงูู ูููู ุงูุช ุฌุฒุก ููู ูุงูุง ุงุซู ุจู ุซุงูุซุง ุนูุฏูุง ูุญุฏู ูุทู ุจู ููุชุฑู ุทูููู ููู ูุง ูุชุญุฏุงู ูู ุนุงูู ุงููุทุท ุงูุชุญุฏูู ุงููุจุงุดุฑ ูุฏ ูููู ุนูุงูู ุนูู ุงูุซูู ูุงูููุฏู,8,2,2025
hZ84n5xGU9w,ููุงุฐุง ูุญุจ ูุทู ุงูุฌููุณ ูุฑุจูุ #ุงููุทุท #ูุทุท,2025-07-02,42.0,66915,0 days 00:00:29,69.84,104,2603,34,15,37762,318.8952,101,56384,9.0,ูู ุชุณุงุกูุช ูููุง ููุงุฐุง ูุญุจ ูุทู ุงูุฌููุณ ูุฑุจูุ ุงููู ุงูู ุงูุงุณุจุงุจ ุงูุชู ุชูุณุฑ ูุฐุง ุงูุชุตุฑู ุงูุบุฑูุจ. ูุงุญุฏ ูุดุนุฑ ุจุงูุฏูุก ูุงูุงูุงู ูุฌุณู ุงูุงูุณุงู ูุจุนุซ ุญุฑุงุฑู ูุฑูุญู ุชุฌุฐุจ ุงููุทุท ููุฌูุฏู ุจุฌุงูุจู ูุฌุนูู ูุดุนุฑ ุจุงูุทูุงูููู. ุงุซูุงู ูุฑุงูุจู ุจุงูุชูุงู ููู ูุญุจ ูุฑุงูุจู ุชุญุฑูุงุชู ูุชุตุฑูุงุชู ููุงูู ุจุฑูุงูุฌุง ุชุฑูููู ุฎุงุต ุจู ูุง ููู ููู ุงุจุฏุง. ุซูุงุซู ูุนุชุจุฑู ุฌุฒุกุง ูู ุทููุณู ุงูููููู. ุงู ููุช ุชุฌูุณ ูู ููุณ ุงูููุงู ูุงูููุช ููู ูุฑุงู ุฌุฒุกุง ูู ุฑูุชููู ุงูุฐู ูุง ูุฑูุฏ ุชุบููุฑู ุงุฑุจุนู ูุญุจู ุจุจุณุงุทู ูุงููุทุท ุญูู ุชุญุจ ูุง ุชุนุจุฑ ุจุงูููุงู ุจู ุจุงูุฌููุณ ูุฑุจ ูู ุชุซู ุจู ูุชุดุนุฑ ุจุงูุฑุงุญู ูู ูุฌูุฏูC'est,2,7,2025
Ei8OB4dHnlE,ููุงุฐุง ุชุนุชุจุฑ ุงููุทุท ูู ุงูุธู ุงููุงุฆูุงุช ูู ุงูุงุฑุถ ุ๐ฑ๐ #ูุทุท #ูุทุฉ #ุงููุทุท #ูุนูููุงุช,2025-02-09,49.0,63498,0 days 00:00:38,69.18,124,4995,53,81,62602,672.9011,118,194098,6.77,ูู ุชุนูู ุงู ุงููุทุท ูู ุงูุธู ุงููุงุฆูุงุช ุนูู ูุฌู ุงูุงุฑุถ ูุงููุธุงูู ููุณุช ูุฌุฑุฏ ุนุงุฏู ูุฏููุง ุจู ูู ูุทุฑู ุงู ุฏุนูุง ุงููู ูููุง ุงููุง ูู ุงูุงุณูุงู ุชุนุชุจุฑ ุงููุทุท ุทุงูุฑู ููุฏ ูุตููุง ุงููุจู ูุญูุฏ ุตูู ุงููู ุนููู ูุณูู ุจุงููุง ููุณุช ุจูุฌุณ ุงููุง ูู ุงูุทูุงููู ุนูููู ูุงูุทูุงูุงุช ููุง ุฌุงุก ูู ุงูุญุฏูุซ ุงูุดุฑูู ููุฐุง ูุฏู ุนูู ููุงูุชูุง ูู ุงูุงุณูุงู ูููููุง ุฌุฒุกุง ูู ุญูุงู ุงูุงูุณุงู ุฏูู ุงู ุชููู ูุตุฏุฑ ูุฌุงุณู ุซุงููุง ุนูููุง ุชูุถู ุงููุทุท ุญูุงูู 50% ูู ููุช ุงุณุชููุงุธูุง ูู ุชูุธูู ููุณูุง ุงูุณูุชูุง ูุตููู ุจุทุฑููู ูุฐููู ุญูุซ ุชุญุชูู ุนูู ุดุนูุฑุงุช ุฏูููู ุชุนูู ููุดุงุช ุทุจูุนูู ูุงุฒุงูู ุงูุงูุณุงุฎ ูุงูุจูุชูุฑูุง ููุงููุง ุชูุชูู ูุธุงู ุชูุธูู ุฐุงุชู ูุชูุงูู,9,2,2025
hYRqq7e_Mmw,4 ุชุตุฑูุงุช ูุฏ ุชููู ุงุนุชุฐุงุฑูุง ูู ูุทู ุฏูู ุฃู ุชุฏุฑู #ุงููุทุท #ูุทุท #cat,2025-07-10,43.0,62092,0 days 00:00:32,66.16,98,2271,26,17,32987,308.933,95,54469,7.84,ูู ุชุนุชูุฏ ุงู ูุทู ูุง ูุดุนุฑ ุจุงูุฐูุจุ ุงููู ุงุฑุจุนู ุชุตุฑูุงุช ูุฏ ุชููู ุงุนุชุฐุงุฑุง ุตุงูุชุง. ุงููุง ููุชุฑุจ ููู ุจูุทู ุจุนุฏ ุงู ูุญุฏุซ ููุถู ุงู ูุชุตุฑู ุจุดูู ูุฒุนุฌ ูุฏ ุชุฌุฏู ูุนูุฏ ุจูุฏูุก ููุฌูุณ ุจุฌูุงุฑู ููุงูู ูุญุงูู ูุตุงูุญุชู. ุซุงููุง ูุตุฏุฑ ุตูุช ุงูุฎุฑุฎุฑู ุงูุฎุฑุฎุฑู ููุณุช ุฏุงุฆูุง ุนูุงูู ุงุณุชุฑุฎุงุก ุจู ุงุญูุงูุง ูุณุชุฎุฏููุง ูููุฏุฆ ุงูุงุฌูุงุก ููุณุชุนูุฏ ุซูุชู. ุซุงูุซุง ูุชุฌูุจ ุงููุธุฑ ุงููุจุงุดุฑ. ุจุนุถ ุงููุทุท ุชุนุจุฑ ุนู ุงูุดุนูุฑ ุจุงูุฐูุจ ูู ุฎูุงู ุงูุงูุณุญุงุจ ุงูุจุตุฑู ุงู ุงูุชุตุฑู ุจุฎุฌู ูุญุธู. ุฑุงุจุนุง: ูุฌูุจ ูู ุดูุฆุง ุณูุงุก ูุงูุช ูุนุจุชู ุงูููุถูู ุงู ุงู ุดูุก ูููุช ุงูุชุจุงูู ููู ุทุฑููุชู ูู ููุช ูุธุฑู ุจุทุฑููู ูุฏูู.y,10,7,2025
sdPAnpVAj-8,ูู ูุทู ูุนุชุจุฑู ุตุฏููู ุงูููุถู ุ๐ฑ๐ #ูุทุท #ุงููุทุท,2025-03-05,51.0,59743,0 days 00:00:38,66.6,107,3579,46,22,54848,589.5408,103,81694,8.35,ูู ุชุณุงุกูุช ูููุง ุงุฐุง ูุงู ูุทู ูุนุชุจุฑู ุตุฏููู ุงูููุฑุจ ุงู ุฑุจูุง ูุชุฌุงููู ุชูุงูุง ููุงูู ูุฌุฑุฏ ููุงุก ุงููุง ูุทู ูุฑุงู ูุทูู ุงุฐุง ูุงู ูุทู ูุฌูุจ ูู ูุฏุงูุง ูุซู ุงูุญููุงูุงุช ุงูุตุบูุฑู ุงู ุงูุงุดูุงุก ูููุธู ูู ุงูุตุจุงุญ ุงู ูุจูู ุจุฌุงูุจู ุจุงุณุชูุฑุงุฑ ููู ุงููุญุชูู ุงูู ูุฑุงู ูุทูู ุนุงุฌุฒ ูุญุชุงุฌ ุงูู ุงูุญูุงูู ูุงูุฑุนุงูู ุซุงููุง ูุฑุงู ูุงูุถู ุตุฏูู ูุญุจ ูุทู ุงููุนุจ ูุนู ุงูุจูุงุก ุจูุฑุจู ูุงูุญุตูู ุนูู ุงูุชุจุงูู ุญุชู ุงุซูุงุก ุงูุฑุงุญู ูุฏ ูููู ุจูุนู ููุง ููุนู ูุน ุงููุทุท ุงูุงุฎุฑู ุงูุช ูุญุธูุฑ ุฌุฏุง ูุงู ูุนุธู ุงููุทุท ุนูุฏูุง ุชุจูุบ ุนุงูุง ูุงุญุฏุง ููู ุงูุชูุงููุง ุจุงููุนุจ ูุน ุงูุจุดุฑ ุซุงูุซุง ูุฑุงู ูุงู ูู ูุณุชูุชุน ูุทู ุจูุฏุงุนุจุชู ููุฌูุฏู ูุนู ููููู ุจุงูุนุฌู ุนููู ููุณุชุฌูุจ ููุฏุงุกุงุช ุนูุฏ ุงูุดุนูุฑ ุจุงูุฎุทุฑ ูุจุญุซ ุนู ุงูุงูุงู ูู ุงุญุถุงูู ููุธูุฑ ูู ุจุทูู ููู ุงูุซุฑ ุงูุงููู ุถุนูุง,5,3,2025
fjaucMr54q8,ููุจ ูุทู ุงูุตุบูุฑ.. ุฃุณุฑุงุฑ ูู ุงูุญุจ ูุงูููุงุก ูู ุชูุชุดููุง ุจุนุฏ! #ุงููุทุท,2025-03-27,55.0,56968,0 days 00:00:39,60.53,149,2910,47,20,49556,551.762,146,47312,7.49,ูู ุชุนูู ุงู ููุจ ูุทู ุงูุตุบูุฑ ูุญูู ุงุณุฑุงุฑุง ุนูููู ูู ุงูุญุจ ูุงูููุงุก ูู ุชูุชุดููุง ุจุนุฏ ุงููุง ุนูุฏูุง ุชุณุชููุธ ูููุง ูุชุฌุฏ ุนููู ูุทู ุชุฑุงูุจู ูู ุงูุธูุงู ููู ููุณ ูุฌุฑุฏ ูุถูู ุนุงุจุฑ ูู ุตูุช ุงูููู ุชูู ุงููุฎูููุงุช ุงูุตุบูุฑู ุชุญูู ููููู ุนูู ูุงูููุง ููุงููุง ุชููุณ ูู ูู ุจุณูุงู ูุงูุง ููุง ุงุญุฑุณู ุซุงููุง ุชูู ุงููุฏูู ุงูุตุบูุฑู ุงููุคููู ุงูุชู ูุชุฑููุง ูุทู ุนูุฏ ูุฏููู ููุณุช ุงุณุชุนุฑุงุถุง ููุฏุฑุงุชู ุนูู ุงูุงุตุทูุงุฏ ุจู ูู ุดูุงุฏู ุญุจ ุฎุงูุตู ูู ูุฎููู ูุฎุงู ุนููู ูู ุงูุฌูุน ุจุบุฑูุฒุชู ุงูุจุฏุงุฆูู ูุญุงูู ุงู ูุนููู ูู ุงูุจูุงุก ุนูู ููุฏ ุงูุญูุงู ููุงูู ูููู ุจุนูููู ุงููุงุณุนุชูู ูู ุงุชุฑูู ูุญูุฏุง ุงุจุฏุง ุซุงูุซุง ุนูุฏูุง ูุณุชููู ูุทู ุจุฌูุงุฑู ูู ุงูุงู ูุฑุถู ูุตุฏุฑุง ุฎุฑุฎุฑ ุงูุฏุงูุฆู ููู ูููุญู ุงูุซุฑ ูุฏุงูุงู ูููู ุนูุงุฌุง ุทุจูุนูุง ูุณุงุนุฏ ุนูู ุงุชุฆ ุงู ุฌุฑูุญู ุงูุฏุงุฎููู ูุงูุฎุงุฑุฌูู,27,3,2025
X4f9yGgbJ80,ูุทู: ุญุงุฑุณ ุตุงูุช ูุญุจ ูุง ููุนุจููุฑ ุนูู #ุงููุทุท #ุงูุนูู #ูุทุท #cat,2025-03-27,51.0,56200,0 days 00:00:34,68.04,125,3118,35,27,44513,423.3314,124,64862,7.2,ูู ุชุนูู ุงู ูุทู ููุณ ูุฌุฑุฏ ุญููุงู ุงููู ุจู ูู ุฑูุญ ุชุญุฑุณู ุจุตูุช ุชุฑุงููู ูู ูู ูุญุธู ูุชุดุนุฑ ุจู ุงูุซุฑ ููุง ุชุชุฎูู ุนูุฏูุง ูุฑุงูุจู ูุงูุช ูุงุฆู ูู ุชุธู ุงูู ููุนู ุฐูู ุจุฏุงูุน ุงููุถูู ููุท ูุง ูู ูุญุฑุณู ูุฑุงูุจ ุงููุงุณู ูุณุชุดุนุฑ ุชุนุจู ุญุชู ูุจู ุงู ุชุฏุฑูู ุงูุช ูุนูุฏูุง ูุฌูุจ ูู ูุฑุณุชู ุงูุตุบูุฑู ูุฏ ุชุดุนุฑ ุจุงูุถูู ููู ูู ุชุนูู ุงู ูุฐุง ุงุนุธู ุชุนุจูุฑ ุนู ุงูุญุจ ูู ุนุงูู ุงููุทุท ุงูู ูุฑุงู ุฌุฒุกุง ูู ุนุงุฆูุชู ุตุบูุฑุง ูุญุชุงุฌ ููุญูุงูู ูุงูุชุนูู ูููุฐุง ูุญุงูู ุงู ูุนููู ููุง ุชูุนู ุงูุงููุงุช ูุน ุตุบุงุฑูุง ุงูู ูุง ููุฏู ูู ูุฌุฑุฏ ูุฏูู ุจู ูููุญู ุฌุฒุกุง ูู ููุจู ุงูุง ุชูู ุงูุฎุฑุฎุฑู ุงููุงุนูู ุงูุชู ุชุณูุนูุง ุญูู ุชุณุชููู ุจุฌุงูุจู ููุณุช ููุท ุนูุงูู ุนูู ุงูุณุนุงุฏู ุจู ูู ููุฌุงุช ูู ุงูุดูุงุก ุทุงูู ูู ุงูุญุจ ุงูุฎุงูุต,27,3,2025
nQfxvhQkKtw,ููุงุฐุง ูุนุดู ูุทู ุงูุตูุฏูู ุงููุงุฑุบุ ุงูุชุดู ุงูุณุฑ ุงูุนููู ูุฑุงุก ุฐูู!,2025-04-06,55.0,50532,0 days 00:00:39,73.61,66,2088,32,12,31180,342.0033,66,43774,6.52,ูู ุชุณุงุกูุช ูููุง ููุงุฐุง ูุชุฑู ูุทู ูุนุจุชู ุงูุซูููู ูููุถู ุตูุฏููุง ูุงุฑุบุงุ ุงููู ุงูุญูููู ุงููุฐููู ูุฑุงุก ูุฐุง ุงูุณููู ุงูุบุฑูุจ. ุงููุง ุตูุฏูู ุงููุฑุชูู ูู ููุนู ุงูุงูุงู ููุทู ุนูุฏูุง ูุฎุชุจุฆ ููู ุชุฑุชูุน ูุฑูููุงุช ุงูุณุนุงุฏู ูู ุฌุณูู ุจูุณุจู 70% ูุชูุฎูุถ ูุฑูููุงุช ุงูุชูุชุฑ. ุซุงููุง ูุทู ูุญุงูู ุงุณูุงูู ุงูุจุฑูู. ุงูุตูุฏูู ูุดุจู ุงููููู ุงูุตุบูุฑู ุงูุชู ูุงูุช ุชุณุชุฎุฏููุง ููุตูุฏ ูุงูุงุฎุชุจุงุก ูู ุงูุญููุงูุงุช ุงูููุชุฑุณู. ุบุฑูุฒู ุงูุจูุงุก ูุฐู ูุชุงุตูู ูู ุงูุญูุถ ุงููููู ููุทู ุซุงูุซุง ุงูุนููุงุก ุงูุชุดููุง ุงู ุงููุฑุชูู ูุนุฒู ุญุฑุงุฑู ุฌุณู ุงููุท ุงูุฐู ุชุจูุบ 38 ุฏุฑุฌู ูุฆููู ููุง ูุฎูู ููุทูู ุฑุงุญู ูุซุงููู ุชุฌุนูู ูุดุนุฑ ุจุงูุงุณุชุฑุฎุงุก ุงูุนููู ุชูุงูุง ููุง ูุดุนุฑ ุงูุดุฎุต ุนูุฏูุง ููุชู ุจุฏุซุงุฑ ุฏุงูุฆ ูู ูููู ุจุงุฑุฏู.,6,4,2025
neu9XKfDR5Q,ููุงุฐุง ูุชุณุงูุท ุดุนุฑ ูุทูุ 3 ุฃุณุจุงุจ ุนููู ูุนุฑูุชูุง! #ุงููุทุท #ูุทุท #cat,2025-03-06,45.0,43830,0 days 00:00:30,73.45,57,2348,34,12,42782,367.809,54,60497,8.9,ูู ูุงุญุธุช ูููุง ุงู ูุทู ูุชุฑู ุดุนูุฑุงุชู ูู ูู ููุงู ุนูู ุงูุงุฑููู ุนูู ููุงุจุณู ูุญุชู ุนูู ุณุฑูุฑู ุงููู ุซูุงุซู ุงุณุจุงุจ ูุฑุงุก ูุฐุง ุงูุชุตุฑู ุงููุง ุงูุฏูุฑู ุงูุทุจูุนูู ูููู ุงูุดุนุฑ ุดุนุฑ ุงููุท ููุฑ ุจูุฑุงุญู ูู ุงูููู ุงูู ุงูุชุณุงูุท ููุฐู ุฏูุฑู ุทุจูุนูู ููุญูุงุธ ุนูู ุตุญู ุงููุฑุงุก ุซุงููุง ุชุบูุฑ ุงููุตูู ูู ุงูุฑุจูุน ูุงูุฎุฑูู ุชุชุณุงูุท ุงูุดุนูุฑุงุช ุงูุซุฑ ูุงู ุงููุท ูุบูุฑ ูุฑูู ููุชููู ูุน ุงูุทูุณ ุซุงูุซุง ุงูุชูุชุฑ ูุงูุชุบุฐูู ุงููุท ุงูุฐู ูู ุงูููู ุงู ุณูุก ุงูุชุบุฐูู ูุฏ ูุชุณุงูุท ุดุนุฑู ุงูุซุฑ ูู ุงููุนุชุงุฏ ูุฐุง ุชุงูุฏ ูู ุงู ูุทู ูุชูุงูู ุทุนุงูุง ูุชูุงุฒูุง ููุนูุด ูู ุจูุฆู ูุฑุญู,6,3,2025
mq-yco5bOPM,ููุงุฐุง ูุฎูู ูุทู ุฃูููุ #ูุทุฉ #ุงููุทุท #ูุทุท,2025-01-20,57.0,42424,0 days 00:00:39,66.09,72,2794,33,30,42054,455.7565,70,78586,7.83,ูู ุชุนูู ุงู ูุทู ูุฏ ูููู ูุชุงููุง ูููู ูุง ูุธูุฑ ุฐูู ูุนู ูุญู ุงููุทุท ูุฎูู ุงูููุง ุจุจุฑุงุนู ููู ููุณ ูุงููุง ูุง ูุดุนุฑ ุจู ุจู ูุงููุง ุฎุงุฆููู ุงููุง ูุญู ูุจุฑูุฌูู ุนูู ุงูุจูุงุก ุงูููุงุก ูู ุงูุจุฑูู ุงูุถุนู ูุนูู ุงูุฎุทุฑ ุงุฐุง ุดุนุฑ ุงูููุชุฑุณูู ุงู ุญุชู ุงููุทุท ุงูุงุฎุฑู ุจุงููุง ูุฑุถู ููุฏ ูุตุจุญ ูุฑูุณู ุณููู ููุฐุง ุงูุณุจุจ ูุฎูู ุงูููุง ููุชุธุงูุฑ ุจุงู ูู ุดูุก ุนูู ูุง ูุฑุงู ุซุงููุง ูุง ูุฑูุฏ ุงู ูููู ูุญู ูุซู ุจู ููุญุจู ููุง ูุฑูุฏ ุงู ูุฑุงู ุญุฒููุง ุจุณุจุจูุง ููุฐุง ูุญุงูู ุงูุชุธุงูุฑ ุจุงููุง ุจุฎูุฑ ุญุชู ุนูุฏูุง ูุดุนุฑ ุจุงูุณูุก ููููุง ูุชููู ุงู ุชูุชุจู ููุชุบููุฑุงุช ุงูุตุบูุฑู ูู ุณููููุง ูุงููุง ูุฏ ุชููู ุตุฑุฎู ุงุณุชุบุงุซู ุตุงูุชู ุซุงูุซุง ุงูุงูู ูุฌุนููุง ูุชุตุฑู ุจุบุฑุงุจู ูุฏ ููุงู ุงูุซุฑ ูู ุงููุนุชุงุฏ ุงู ูุฎุชุจุฆ ุงู ูุฑูุถ ุงูุทุนุงู ุงู ุญุชู ูุตุจุญ ุนุฏูุงูููู ูุฐู ููุณุช ููู ุญุจ ูู ุจู ุทุฑููุชูุง ูู ุงูุชุนุงูู ูุน ุงูุงูู ุงุฐุง ูุงุญุธุช ุงู ูู ูุฐู ุงูุชุตุฑูุงุช ูุง ุชุชุฑุฏุฏ ูู ูุณุงุนุฏุชูุง,20,1,2025
pbjNs7JZJgI,ูุฑุงุก ุญุจ ุงููุทุท ูุฑุงุฆุญุชู! ๐ป๐ ูู ุชุนูู ููุงุฐุง ุชูุนู ุฐููุ #ูุทุท #ูุทุชู #ูุทุฉ,2025-02-24,44.0,38860,0 days 00:00:33,71.49,88,2668,33,13,37308,343.3992,86,82384,8.49,ูู ุชุณุงุกูุช ูููุง ููุงุฐุง ุชุญุจ ุงููุทุท ุดู ุฑุงุฆุญุชู ุงูุงูุฑ ููุณ ูุฌุฑุฏ ูุถูู ุจู ููุงู ุงุณุจุงุจ ุนูููู ูุฑุงุก ูุฐุง ุงูุชุตุฑู ุงูุบุฑูุจ ูุงุญุฏ ุนูุฏูุง ุชุดู ูุทุชู ุฑุงุฆุญุชู ููู ุชุดุนุฑ ุจุงูุทูุงูููู ูุงูุงูุงู ุฑุงุฆุญุชู ุจุงููุณุจู ููุง ูุซู ุบุทุงุก ุฏุงูุฆ ูุญูุท ุจูุง ููุฌุนููุง ุชุดุนุฑ ููุงูู ุฏุงุฆูุง ุจุฌุงูุจูุง ุงุซูุงู ุงููุทุท ุชุนุชูุฏ ุจุดูู ูุจูุฑ ุนูู ุญุงุณู ุงูุดู ูุชุญุฏูุฏ ูู ููุชูู ุงูู ุนุงุฆูุชูุง ูุฐุง ุนูุฏูุง ุชุนูุฏ ุงูู ุงูููุฒู ุงูู ุดูุก ูุฏ ุชูุนูู ูุทุชู ูู ุงุณุชูุดุงู ุฑุงุฆุญุชู ูุชุชุงูุฏ ุงูู ููุณ ุงูุดุฎุต ุงูุฐู ุชุญุจู ุซูุงุซู ุงููุทุท ุชุญุจ ุงู ุชุชุฑู ุฑุงุฆุญุชูุง ุนููู ุงูุถุง ููุฐุง ุฌุฒุก ูู ุทุฑููุชูุง ูู ุงูููู ุงูุช ูููู ููู ุชูุณุญ ูุฌููุง ุงู ุชุญุชู ุจู ููุดุฑ ููุฑูููุงุช ูุฏูุฌ ุฑุงุฆุญุชู ูุง ูุนุง,24,2,2025
cX_1igPpIF4,5 ุนูุงูุงุช ุชุซุจุช ุฃู ูุทู ูุญุจู ุจุตุฏู! #ูุทุท,2025-03-14,57.0,30614,0 days 00:00:38,66.64,80,2178,26,21,29110,313.247,77,41887,7.17,ุงุฐุง ููุช ุชุชุณุงุกู ุนูุง ุงุฐุง ูุงู ูุทู ูุฑุชุจุทุง ุจู ุนุงุทููุง ูุงููู ุงุฑุจุนู ุนูุงูุงุช ุชุคูุฏ ูุฏู ุญุจู ูู ุงููุง ุงูุฎุฑุฎุฑู ุงููุณุชูุฑู ุนูุฏ ุฑุคูุชู ุนูุฏูุง ูุจุฏุง ูุทู ุจุงูุฎุฑ ุฎุฑู ููุฑ ุฏุฎููู ุงูุบุฑูู ููุฐู ุงุดุงุฑู ูุงุถุญู ุงูู ุณุนุงุฏุชู ุจุฑุคูุชู ุงูุฎุฑุฎุฑู ูู ูุบู ุงููุทุท ููุชุนุจูุฑ ุนู ุงูุฑุงุญู ูุงููุญุจู ุซุงููุง ูุฑู ุฌุณูู ุจุฌุณูู ุนูุฏูุง ููุฑู ูุทู ุฌุณูู ุจุณุงููู ุงู ูุฏู ููู ูุถุน ุฑุงุฆุญุชู ุนููู ูุฐุง ุณููู ุบุฑูุฒู ูุนูู ุงูุช ูููู ููู ุทุฑููุชู ูู ูู ุงุธูุงุฑ ุงูุงูุชูุงุก ูุงูุงุฑุชุจุงุท ุซุงูุซุง ุงููููุถ ุงูุจุทูุก ุจุงูุนูููู ุงุฐุง ูุงุญุธุช ุงู ูุทู ููุธุฑ ุงููู ููุบูุถ ุนูููู ุจุจุทุก ููุฐู ุทุฑููุชู ููููู ุงุญุจู ุฑุงุจุนุง ุงุญุถุงุฑ ุงููุฏุงูุง ูู ูุฏ ุชููู ูุฐู ุงููุฏุงูุง ุบูุฑ ูุณุชุญุจู ุงุญูุงูุง ูุซู ุงููุฆุฑุงู ุงู ุงูุญุดุฑุงุช ููููุง ุชุนุจูุฑ ุนู ุงูุชูุงู ูุทู ุจู ูุฑุบุจุชู ูู ุงุณุนุงุฏู ุงู ุชุนูููู ููุงุฑุงุช ุงูุตูุฏ,14,3,2025
IQgOuK8ngb8,ูู ูุทู ูุดุนุฑ ุจุงูุงูุชุฆุงุจ ๐ฟ๐ #ูุทุท #ุงููุทุท,2025-02-23,49.0,29989,0 days 00:00:35,67.85,30,1891,22,12,28816,284.9036,30,55149,8.1,ุซูุงุซู ุนูุงูุงุช ุชุฏู ุนูู ุงู ูุทู ูุฏ ูููู ููุชุฆุจุง ุงููุง ููุฏุงู ุงูุงูุชูุงู ุจุงูุงูุดุทู ุงุฐุง ูุงู ูุทู ูุญุจ ุงููุนุจ ุณุงุจูุง ูููู ูุฌุงู ุชููู ุนู ูุทุงุฑุฏู ุงูุงูุนุงุจ ุงู ุงุณุชูุดุงู ูุญูุทู ุงู ุญุชู ุงูุชูุงุนู ูุนู ููุฏ ูููู ุฐูู ุนูุงู ุนูู ุงูุงูุชุฆุงุจ ุซุงููุง ุชุบูุฑุงุช ูู ุนุงุฏุงุช ุงูุงูู ุงู ุงููุธุงูู ูุฏ ุชูุงุญุธ ุงู ูุทู ุงูููุชุฆุจ ูุงูู ุงูู ูู ุงููุนุชุงุฏ ุงู ุนูู ุงูุนูุณ ููุฑุท ูู ุงูุงูู ุจุญุซุง ุนู ุงูุฑุงุญู ููุฐุง ูุฏ ูููู ุงุดุงุฑู ุนูู ุงุถุทุฑุงุจ ูู ุฒุฌู ูุญุชุงุฌ ุงูู ุงูุชุจุงูู ุซุงูุซุง ุงูุงุฎุชุจุงุก ุงู ุชุฌูุจ ุงูุชูุงุนู ุงูุงุฌุชูุงุนู ุงุฐุง ุจุฏุง ูุทู ูุฌุงู ุจุงูุงุฎุชุจุงุก ุชุญุช ุงูุงุซุงุซ ุงู ุงูุฌููุณ ูู ุฒุงููู ููุชุฑุงุช ุทูููู ุงู ุชุฌูุจ ุงูุงุดุฎุงุต ุงูุฐูู ูุงู ูุญุจูู ุณุงุจูุง ููุฏ ูููู ูุฐุง ุงูุณุญุงุจุง ูุงุชุฌุง ุนู ุถูู ููุณู,23,2,2025
KxReO1UJGNw,ููู ุชุฌุนู ูุทูู ูุญุจ ุงูุงุณุชุญูุงูุ #ูุทุท #ุงููุทุท #cat,2025-07-22,51.0,19999,0 days 00:00:37,72.26,14,645,19,1,11197,119.9159,14,11760,10.31,ูู ุชุฌุฏ ุตุนูุจู ูู ุงุณุชุญูุงู ูุทูุ ูุง ุชููู. ููููู ุชุญููู ูุฐู ุงููุญุธุงุช ุงูู ุชุฌุฑุจู ููุชุนู ููุฑูุญู ูู. ูู ุงูุจุฏุงูู ุงุจุฏุง ุชุฏุฑูุฌูุง ุฏุนู ูุนุชุงุฏ ุนูู ุงููุงุก ุจุจุทุก ูู ุฎูุงู ููุณ ูุฏููู ุจุงููุงุก ุงููุง ุฏูู ุถุบุท ุงู ุงุฌุจุงุฑ. ุซุงููุง ุงุณุชุฎุฏู ูุงุก ุฏุงูุฆ. ุงููุงุก ุงูุจุงุฑุฏ ูุฏ ูุฎูู ุงููุทุท ูุฐุง ุฌุนู ุฏุฑุฌู ุงูุญุฑุงุฑู ูุนุชุฏูู ูููุงุณุจู ูุฌุณูู. ุซุงูุซุง ุงุณุชุฎุฏู ุงูุงูุนุงุจ ูุงูุชุฏููู. ุฎูุงู ุงูุงุณุชุญูุงู ุชุญุฏุซ ุงููู ุจุตูุช ูุงุฏุฆ ูุงุณุชุฎุฏู ูุนุจู ููุถูู ูุฌุฐุจ ุงูุชุจุงูู ูุชุฎููู ุชูุชุฑู. ุฑุงุจุนุง ูู ุตุจูุฑุง ููุงุฏุฆุง ุงูุนุฌูู ุงู ุงูุงุฌุจุงุฑ ูุฒูุฏุงู ูู ุฎููู ูุญุงูุธ ุนูู ูุฏูุกู ุทูุงู ุงูููุช. ุฎุงูุณุง ูุฏู ูู ููุงูุงุช ุจุนุฏ ุงูุงุณุชุญูุงู ููุงูุงุช ูุซู ุงูุทุนุงู ุงูููุถู ุงู ุงููุฏุงุนุจู ุชุณุงุนุฏู ุนูู ุฑุจุท ุงูุงุณุชุญูุงู ุจุชุฌุฑุจู ุงูุฌุงุจูู.M.,22,7,2025
